초코크림빵,
민트초코크림빵,
치즈크림빵,
딸기크림빵,
고구마크림빵,
블루베리크림빵,
크랜베리크림빵,
땅콩버터크림빵,
명란크림빵,
허니버터크림빵,
앙버터크림빵,
그린티크림빵,
밀크크림빵,
소세지크림빵,
멜론크림빵,
바나나크림빵,
얼그레이크림빵,
누텔라크림빵,
글루텐프리크림빵,
샐러드크림빵,
청포도크림빵,
오렌지크림빵,
흑당크림빵,
허니크림빵,
레몬크림빵,
체리크림빵,
크림빵,
초코팥빵,
민트초코팥빵,
치즈팥빵,
딸기팥빵,
고구마팥빵,
블루베리팥빵,
크랜베리팥빵,
땅콩버터팥빵,
명란팥빵,
허니버터팥빵,
앙버터팥빵,
그린티팥빵,
밀크팥빵,
소세지팥빵,
멜론팥빵,
바나나팥빵,
얼그레이팥빵,
누텔라팥빵,
글루텐프리팥빵,
샐러드팥빵,
청포도팥빵,
오렌지팥빵,
흑당팥빵,
허니팥빵,
레몬팥빵,
체리팥빵,
팥빵,
초코마늘빵,
민트초코마늘빵,
치즈마늘빵,
딸기마늘빵,
고구마마늘빵,
블루베리마늘빵,
크랜베리마늘빵,
땅콩버터마늘빵,
명란마늘빵,
허니버터마늘빵,
앙버터마늘빵,
그린티마늘빵,
밀크마늘빵,
소세지마늘빵,
멜론마늘빵,
바나나마늘빵,
얼그레이마늘빵,
누텔라마늘빵,
글루텐프리마늘빵,
샐러드마늘빵,
청포도마늘빵,
오렌지마늘빵,
흑당마늘빵,
허니마늘빵,
레몬마늘빵,
체리마늘빵,
마늘빵,
초코소보로빵,
민트초코소보로빵,
치즈소보로빵,
딸기소보로빵,
고구마소보로빵,
블루베리소보로빵,
크랜베리소보로빵,
땅콩버터소보로빵,
명란소보로빵,
허니버터소보로빵,
앙버터소보로빵,
그린티소보로빵,
밀크소보로빵,
소세지소보로빵,
멜론소보로빵,
바나나소보로빵,
얼그레이소보로빵,
누텔라소보로빵,
글루텐프리소보로빵,
샐러드소보로빵,
청포도소보로빵,
오렌지소보로빵,
흑당소보로빵,
허니소보로빵,
레몬소보로빵,
체리소보로빵,
소보로빵,
초코밤빵,
민트초코밤빵,
치즈밤빵,
딸기밤빵,
고구마밤빵,
블루베리밤빵,
크랜베리밤빵,
땅콩버터밤빵,
명란밤빵,
허니버터밤빵,
앙버터밤빵,
그린티밤빵,
밀크밤빵,
소세지밤빵,
멜론밤빵,
바나나밤빵,
얼그레이밤빵,
누텔라밤빵,
글루텐프리밤빵,
샐러드밤빵,
청포도밤빵,
오렌지밤빵,
흑당밤빵,
허니밤빵,
레몬밤빵,
체리밤빵,
밤빵,
초코호밀빵,
민트초코호밀빵,
치즈호밀빵,
딸기호밀빵,
고구마호밀빵,
블루베리호밀빵,
크랜베리호밀빵,
땅콩버터호밀빵,
명란호밀빵,
허니버터호밀빵,
앙버터호밀빵,
그린티호밀빵,
밀크호밀빵,
소세지호밀빵,
멜론호밀빵,
바나나호밀빵,
얼그레이호밀빵,
누텔라호밀빵,
글루텐프리호밀빵,
샐러드호밀빵,
청포도호밀빵,
오렌지호밀빵,
흑당호밀빵,
허니호밀빵,
레몬호밀빵,
체리호밀빵,
호밀빵,
초코마요빵,
민트초코마요빵,
치즈마요빵,
딸기마요빵,
고구마마요빵,
블루베리마요빵,
크랜베리마요빵,
땅콩버터마요빵,
명란마요빵,
허니버터마요빵,
앙버터마요빵,
그린티마요빵,
밀크마요빵,
소세지마요빵,
멜론마요빵,
바나나마요빵,
얼그레이마요빵,
누텔라마요빵,
글루텐프리마요빵,
샐러드마요빵,
청포도마요빵,
오렌지마요빵,
흑당마요빵,
허니마요빵,
레몬마요빵,
체리마요빵,
마요빵,
초코피자빵,
민트초코피자빵,
치즈피자빵,
딸기피자빵,
고구마피자빵,
블루베리피자빵,
크랜베리피자빵,
땅콩버터피자빵,
명란피자빵,
허니버터피자빵,
앙버터피자빵,
그린티피자빵,
밀크피자빵,
소세지피자빵,
멜론피자빵,
바나나피자빵,
얼그레이피자빵,
누텔라피자빵,
글루텐프리피자빵,
샐러드피자빵,
청포도피자빵,
오렌지피자빵,
흑당피자빵,
허니피자빵,
레몬피자빵,
체리피자빵,
피자빵,
초코시나몬빵,
민트초코시나몬빵,
치즈시나몬빵,
딸기시나몬빵,
고구마시나몬빵,
블루베리시나몬빵,
크랜베리시나몬빵,
땅콩버터시나몬빵,
명란시나몬빵,
허니버터시나몬빵,
앙버터시나몬빵,
그린티시나몬빵,
밀크시나몬빵,
소세지시나몬빵,
멜론시나몬빵,
바나나시나몬빵,
얼그레이시나몬빵,
누텔라시나몬빵,
글루텐프리시나몬빵,
샐러드시나몬빵,
청포도시나몬빵,
오렌지시나몬빵,
흑당시나몬빵,
허니시나몬빵,
레몬시나몬빵,
체리시나몬빵,
시나몬빵,
초코올리브빵,
민트초코올리브빵,
치즈올리브빵,
딸기올리브빵,
고구마올리브빵,
블루베리올리브빵,
크랜베리올리브빵,
땅콩버터올리브빵,
명란올리브빵,
허니버터올리브빵,
앙버터올리브빵,
그린티올리브빵,
밀크올리브빵,
소세지올리브빵,
멜론올리브빵,
바나나올리브빵,
얼그레이올리브빵,
누텔라올리브빵,
글루텐프리올리브빵,
샐러드올리브빵,
청포도올리브빵,
오렌지올리브빵,
흑당올리브빵,
허니올리브빵,
레몬올리브빵,
체리올리브빵,
올리브빵,
초코마라빵,
민트초코마라빵,
치즈마라빵,
딸기마라빵,
고구마마라빵,
블루베리마라빵,
크랜베리마라빵,
땅콩버터마라빵,
명란마라빵,
허니버터마라빵,
앙버터마라빵,
그린티마라빵,
밀크마라빵,
소세지마라빵,
멜론마라빵,
바나나마라빵,
얼그레이마라빵,
누텔라마라빵,
글루텐프리마라빵,
샐러드마라빵,
청포도마라빵,
오렌지마라빵,
흑당마라빵,
허니마라빵,
레몬마라빵,
체리마라빵,
마라빵,
초코모닝빵,
민트초코모닝빵,
치즈모닝빵,
딸기모닝빵,
고구마모닝빵,
블루베리모닝빵,
크랜베리모닝빵,
땅콩버터모닝빵,
명란모닝빵,
허니버터모닝빵,
앙버터모닝빵,
그린티모닝빵,
밀크모닝빵,
소세지모닝빵,
멜론모닝빵,
바나나모닝빵,
얼그레이모닝빵,
누텔라모닝빵,
글루텐프리모닝빵,
샐러드모닝빵,
청포도모닝빵,
오렌지모닝빵,
흑당모닝빵,
허니모닝빵,
레몬모닝빵,
체리모닝빵,
모닝빵,
초코참깨빵,
민트초코참깨빵,
치즈참깨빵,
딸기참깨빵,
고구마참깨빵,
블루베리참깨빵,
크랜베리참깨빵,
땅콩버터참깨빵,
명란참깨빵,
허니버터참깨빵,
앙버터참깨빵,
그린티참깨빵,
밀크참깨빵,
소세지참깨빵,
멜론참깨빵,
바나나참깨빵,
얼그레이참깨빵,
누텔라참깨빵,
글루텐프리참깨빵,
샐러드참깨빵,
청포도참깨빵,
오렌지참깨빵,
흑당참깨빵,
허니참깨빵,
레몬참깨빵,
체리참깨빵,
참깨빵,
초코카레빵,
민트초코카레빵,
치즈카레빵,
딸기카레빵,
고구마카레빵,
블루베리카레빵,
크랜베리카레빵,
땅콩버터카레빵,
명란카레빵,
허니버터카레빵,
앙버터카레빵,
그린티카레빵,
밀크카레빵,
소세지카레빵,
멜론카레빵,
바나나카레빵,
얼그레이카레빵,
누텔라카레빵,
글루텐프리카레빵,
샐러드카레빵,
청포도카레빵,
오렌지카레빵,
흑당카레빵,
허니카레빵,
레몬카레빵,
체리카레빵,
카레빵,
초코흑임자빵,
민트초코흑임자빵,
치즈흑임자빵,
딸기흑임자빵,
고구마흑임자빵,
블루베리흑임자빵,
크랜베리흑임자빵,
땅콩버터흑임자빵,
명란흑임자빵,
허니버터흑임자빵,
앙버터흑임자빵,
그린티흑임자빵,
밀크흑임자빵,
소세지흑임자빵,
멜론흑임자빵,
바나나흑임자빵,
얼그레이흑임자빵,
누텔라흑임자빵,
글루텐프리흑임자빵,
샐러드흑임자빵,
청포도흑임자빵,
오렌지흑임자빵,
흑당흑임자빵,
허니흑임자빵,
레몬흑임자빵,
체리흑임자빵,
흑임자빵,
초코크림번,
민트초코크림번,
치즈크림번,
딸기크림번,
고구마크림번,
블루베리크림번,
크랜베리크림번,
땅콩버터크림번,
명란크림번,
허니버터크림번,
앙버터크림번,
그린티크림번,
밀크크림번,
소세지크림번,
멜론크림번,
바나나크림번,
얼그레이크림번,
누텔라크림번,
글루텐프리크림번,
샐러드크림번,
청포도크림번,
오렌지크림번,
흑당크림번,
허니크림번,
레몬크림번,
체리크림번,
크림번,
초코팥번,
민트초코팥번,
치즈팥번,
딸기팥번,
고구마팥번,
블루베리팥번,
크랜베리팥번,
땅콩버터팥번,
명란팥번,
허니버터팥번,
앙버터팥번,
그린티팥번,
밀크팥번,
소세지팥번,
멜론팥번,
바나나팥번,
얼그레이팥번,
누텔라팥번,
글루텐프리팥번,
샐러드팥번,
청포도팥번,
오렌지팥번,
흑당팥번,
허니팥번,
레몬팥번,
체리팥번,
팥번,
초코마늘번,
민트초코마늘번,
치즈마늘번,
딸기마늘번,
고구마마늘번,
블루베리마늘번,
크랜베리마늘번,
땅콩버터마늘번,
명란마늘번,
허니버터마늘번,
앙버터마늘번,
그린티마늘번,
밀크마늘번,
소세지마늘번,
멜론마늘번,
바나나마늘번,
얼그레이마늘번,
누텔라마늘번,
글루텐프리마늘번,
샐러드마늘번,
청포도마늘번,
오렌지마늘번,
흑당마늘번,
허니마늘번,
레몬마늘번,
체리마늘번,
마늘번,
초코소보로번,
민트초코소보로번,
치즈소보로번,
딸기소보로번,
고구마소보로번,
블루베리소보로번,
크랜베리소보로번,
땅콩버터소보로번,
명란소보로번,
허니버터소보로번,
앙버터소보로번,
그린티소보로번,
밀크소보로번,
소세지소보로번,
멜론소보로번,
바나나소보로번,
얼그레이소보로번,
누텔라소보로번,
글루텐프리소보로번,
샐러드소보로번,
청포도소보로번,
오렌지소보로번,
흑당소보로번,
허니소보로번,
레몬소보로번,
체리소보로번,
소보로번,
초코밤번,
민트초코밤번,
치즈밤번,
딸기밤번,
고구마밤번,
블루베리밤번,
크랜베리밤번,
땅콩버터밤번,
명란밤번,
허니버터밤번,
앙버터밤번,
그린티밤번,
밀크밤번,
소세지밤번,
멜론밤번,
바나나밤번,
얼그레이밤번,
누텔라밤번,
글루텐프리밤번,
샐러드밤번,
청포도밤번,
오렌지밤번,
흑당밤번,
허니밤번,
레몬밤번,
체리밤번,
밤번,
초코호밀번,
민트초코호밀번,
치즈호밀번,
딸기호밀번,
고구마호밀번,
블루베리호밀번,
크랜베리호밀번,
땅콩버터호밀번,
명란호밀번,
허니버터호밀번,
앙버터호밀번,
그린티호밀번,
밀크호밀번,
소세지호밀번,
멜론호밀번,
바나나호밀번,
얼그레이호밀번,
누텔라호밀번,
글루텐프리호밀번,
샐러드호밀번,
청포도호밀번,
오렌지호밀번,
흑당호밀번,
허니호밀번,
레몬호밀번,
체리호밀번,
호밀번,
초코마요번,
민트초코마요번,
치즈마요번,
딸기마요번,
고구마마요번,
블루베리마요번,
크랜베리마요번,
땅콩버터마요번,
명란마요번,
허니버터마요번,
앙버터마요번,
그린티마요번,
밀크마요번,
소세지마요번,
멜론마요번,
바나나마요번,
얼그레이마요번,
누텔라마요번,
글루텐프리마요번,
샐러드마요번,
청포도마요번,
오렌지마요번,
흑당마요번,
허니마요번,
레몬마요번,
체리마요번,
마요번,
초코피자번,
민트초코피자번,
치즈피자번,
딸기피자번,
고구마피자번,
블루베리피자번,
크랜베리피자번,
땅콩버터피자번,
명란피자번,
허니버터피자번,
앙버터피자번,
그린티피자번,
밀크피자번,
소세지피자번,
멜론피자번,
바나나피자번,
얼그레이피자번,
누텔라피자번,
글루텐프리피자번,
샐러드피자번,
청포도피자번,
오렌지피자번,
흑당피자번,
허니피자번,
레몬피자번,
체리피자번,
피자번,
초코시나몬번,
민트초코시나몬번,
치즈시나몬번,
딸기시나몬번,
고구마시나몬번,
블루베리시나몬번,
크랜베리시나몬번,
땅콩버터시나몬번,
명란시나몬번,
허니버터시나몬번,
앙버터시나몬번,
그린티시나몬번,
밀크시나몬번,
소세지시나몬번,
멜론시나몬번,
바나나시나몬번,
얼그레이시나몬번,
누텔라시나몬번,
글루텐프리시나몬번,
샐러드시나몬번,
청포도시나몬번,
오렌지시나몬번,
흑당시나몬번,
허니시나몬번,
레몬시나몬번,
체리시나몬번,
시나몬번,
초코올리브번,
민트초코올리브번,
치즈올리브번,
딸기올리브번,
고구마올리브번,
블루베리올리브번,
크랜베리올리브번,
땅콩버터올리브번,
명란올리브번,
허니버터올리브번,
앙버터올리브번,
그린티올리브번,
밀크올리브번,
소세지올리브번,
멜론올리브번,
바나나올리브번,
얼그레이올리브번,
누텔라올리브번,
글루텐프리올리브번,
샐러드올리브번,
청포도올리브번,
오렌지올리브번,
흑당올리브번,
허니올리브번,
레몬올리브번,
체리올리브번,
올리브번,
초코마라번,
민트초코마라번,
치즈마라번,
딸기마라번,
고구마마라번,
블루베리마라번,
크랜베리마라번,
땅콩버터마라번,
명란마라번,
허니버터마라번,
앙버터마라번,
그린티마라번,
밀크마라번,
소세지마라번,
멜론마라번,
바나나마라번,
얼그레이마라번,
누텔라마라번,
글루텐프리마라번,
샐러드마라번,
청포도마라번,
오렌지마라번,
흑당마라번,
허니마라번,
레몬마라번,
체리마라번,
마라번,
초코모닝번,
민트초코모닝번,
치즈모닝번,
딸기모닝번,
고구마모닝번,
블루베리모닝번,
크랜베리모닝번,
땅콩버터모닝번,
명란모닝번,
허니버터모닝번,
앙버터모닝번,
그린티모닝번,
밀크모닝번,
소세지모닝번,
멜론모닝번,
바나나모닝번,
얼그레이모닝번,
누텔라모닝번,
글루텐프리모닝번,
샐러드모닝번,
청포도모닝번,
오렌지모닝번,
흑당모닝번,
허니모닝번,
레몬모닝번,
체리모닝번,
모닝번,
초코참깨번,
민트초코참깨번,
치즈참깨번,
딸기참깨번,
고구마참깨번,
블루베리참깨번,
크랜베리참깨번,
땅콩버터참깨번,
명란참깨번,
허니버터참깨번,
앙버터참깨번,
그린티참깨번,
밀크참깨번,
소세지참깨번,
멜론참깨번,
바나나참깨번,
얼그레이참깨번,
누텔라참깨번,
글루텐프리참깨번,
샐러드참깨번,
청포도참깨번,
오렌지참깨번,
흑당참깨번,
허니참깨번,
레몬참깨번,
체리참깨번,
참깨번,
초코카레번,
민트초코카레번,
치즈카레번,
딸기카레번,
고구마카레번,
블루베리카레번,
크랜베리카레번,
땅콩버터카레번,
명란카레번,
허니버터카레번,
앙버터카레번,
그린티카레번,
밀크카레번,
소세지카레번,
멜론카레번,
바나나카레번,
얼그레이카레번,
누텔라카레번,
글루텐프리카레번,
샐러드카레번,
청포도카레번,
오렌지카레번,
흑당카레번,
허니카레번,
레몬카레번,
체리카레번,
카레번,
초코흑임자번,
민트초코흑임자번,
치즈흑임자번,
딸기흑임자번,
고구마흑임자번,
블루베리흑임자번,
크랜베리흑임자번,
땅콩버터흑임자번,
명란흑임자번,
허니버터흑임자번,
앙버터흑임자번,
그린티흑임자번,
밀크흑임자번,
소세지흑임자번,
멜론흑임자번,
바나나흑임자번,
얼그레이흑임자번,
누텔라흑임자번,
글루텐프리흑임자번,
샐러드흑임자번,
청포도흑임자번,
오렌지흑임자번,
흑당흑임자번,
허니흑임자번,
레몬흑임자번,
체리흑임자번,
흑임자번,
초코크림머핀,
민트초코크림머핀,
치즈크림머핀,
딸기크림머핀,
고구마크림머핀,
블루베리크림머핀,
크랜베리크림머핀,
땅콩버터크림머핀,
명란크림머핀,
허니버터크림머핀,
앙버터크림머핀,
그린티크림머핀,
밀크크림머핀,
소세지크림머핀,
멜론크림머핀,
바나나크림머핀,
얼그레이크림머핀,
누텔라크림머핀,
글루텐프리크림머핀,
샐러드크림머핀,
청포도크림머핀,
오렌지크림머핀,
흑당크림머핀,
허니크림머핀,
레몬크림머핀,
체리크림머핀,
크림머핀,
초코팥머핀,
민트초코팥머핀,
치즈팥머핀,
딸기팥머핀,
고구마팥머핀,
블루베리팥머핀,
크랜베리팥머핀,
땅콩버터팥머핀,
명란팥머핀,
허니버터팥머핀,
앙버터팥머핀,
그린티팥머핀,
밀크팥머핀,
소세지팥머핀,
멜론팥머핀,
바나나팥머핀,
얼그레이팥머핀,
누텔라팥머핀,
글루텐프리팥머핀,
샐러드팥머핀,
청포도팥머핀,
오렌지팥머핀,
흑당팥머핀,
허니팥머핀,
레몬팥머핀,
체리팥머핀,
팥머핀,
초코마늘머핀,
민트초코마늘머핀,
치즈마늘머핀,
딸기마늘머핀,
고구마마늘머핀,
블루베리마늘머핀,
크랜베리마늘머핀,
땅콩버터마늘머핀,
명란마늘머핀,
허니버터마늘머핀,
앙버터마늘머핀,
그린티마늘머핀,
밀크마늘머핀,
소세지마늘머핀,
멜론마늘머핀,
바나나마늘머핀,
얼그레이마늘머핀,
누텔라마늘머핀,
글루텐프리마늘머핀,
샐러드마늘머핀,
청포도마늘머핀,
오렌지마늘머핀,
흑당마늘머핀,
허니마늘머핀,
레몬마늘머핀,
체리마늘머핀,
마늘머핀,
초코소보로머핀,
민트초코소보로머핀,
치즈소보로머핀,
딸기소보로머핀,
고구마소보로머핀,
블루베리소보로머핀,
크랜베리소보로머핀,
땅콩버터소보로머핀,
명란소보로머핀,
허니버터소보로머핀,
앙버터소보로머핀,
그린티소보로머핀,
밀크소보로머핀,
소세지소보로머핀,
멜론소보로머핀,
바나나소보로머핀,
얼그레이소보로머핀,
누텔라소보로머핀,
글루텐프리소보로머핀,
샐러드소보로머핀,
청포도소보로머핀,
오렌지소보로머핀,
흑당소보로머핀,
허니소보로머핀,
레몬소보로머핀,
체리소보로머핀,
소보로머핀,
초코밤머핀,
민트초코밤머핀,
치즈밤머핀,
딸기밤머핀,
고구마밤머핀,
블루베리밤머핀,
크랜베리밤머핀,
땅콩버터밤머핀,
명란밤머핀,
허니버터밤머핀,
앙버터밤머핀,
그린티밤머핀,
밀크밤머핀,
소세지밤머핀,
멜론밤머핀,
바나나밤머핀,
얼그레이밤머핀,
누텔라밤머핀,
글루텐프리밤머핀,
샐러드밤머핀,
청포도밤머핀,
오렌지밤머핀,
흑당밤머핀,
허니밤머핀,
레몬밤머핀,
체리밤머핀,
밤머핀,
초코호밀머핀,
민트초코호밀머핀,
치즈호밀머핀,
딸기호밀머핀,
고구마호밀머핀,
블루베리호밀머핀,
크랜베리호밀머핀,
땅콩버터호밀머핀,
명란호밀머핀,
허니버터호밀머핀,
앙버터호밀머핀,
그린티호밀머핀,
밀크호밀머핀,
소세지호밀머핀,
멜론호밀머핀,
바나나호밀머핀,
얼그레이호밀머핀,
누텔라호밀머핀,
글루텐프리호밀머핀,
샐러드호밀머핀,
청포도호밀머핀,
오렌지호밀머핀,
흑당호밀머핀,
허니호밀머핀,
레몬호밀머핀,
체리호밀머핀,
호밀머핀,
초코마요머핀,
민트초코마요머핀,
치즈마요머핀,
딸기마요머핀,
고구마마요머핀,
블루베리마요머핀,
크랜베리마요머핀,
땅콩버터마요머핀,
명란마요머핀,
허니버터마요머핀,
앙버터마요머핀,
그린티마요머핀,
밀크마요머핀,
소세지마요머핀,
멜론마요머핀,
바나나마요머핀,
얼그레이마요머핀,
누텔라마요머핀,
글루텐프리마요머핀,
샐러드마요머핀,
청포도마요머핀,
오렌지마요머핀,
흑당마요머핀,
허니마요머핀,
레몬마요머핀,
체리마요머핀,
마요머핀,
초코피자머핀,
민트초코피자머핀,
치즈피자머핀,
딸기피자머핀,
고구마피자머핀,
블루베리피자머핀,
크랜베리피자머핀,
땅콩버터피자머핀,
명란피자머핀,
허니버터피자머핀,
앙버터피자머핀,
그린티피자머핀,
밀크피자머핀,
소세지피자머핀,
멜론피자머핀,
바나나피자머핀,
얼그레이피자머핀,
누텔라피자머핀,
글루텐프리피자머핀,
샐러드피자머핀,
청포도피자머핀,
오렌지피자머핀,
흑당피자머핀,
허니피자머핀,
레몬피자머핀,
체리피자머핀,
피자머핀,
초코시나몬머핀,
민트초코시나몬머핀,
치즈시나몬머핀,
딸기시나몬머핀,
고구마시나몬머핀,
블루베리시나몬머핀,
크랜베리시나몬머핀,
땅콩버터시나몬머핀,
명란시나몬머핀,
허니버터시나몬머핀,
앙버터시나몬머핀,
그린티시나몬머핀,
밀크시나몬머핀,
소세지시나몬머핀,
멜론시나몬머핀,
바나나시나몬머핀,
얼그레이시나몬머핀,
누텔라시나몬머핀,
글루텐프리시나몬머핀,
샐러드시나몬머핀,
청포도시나몬머핀,
오렌지시나몬머핀,
흑당시나몬머핀,
허니시나몬머핀,
레몬시나몬머핀,
체리시나몬머핀,
시나몬머핀,
초코올리브머핀,
민트초코올리브머핀,
치즈올리브머핀,
딸기올리브머핀,
고구마올리브머핀,
블루베리올리브머핀,
크랜베리올리브머핀,
땅콩버터올리브머핀,
명란올리브머핀,
허니버터올리브머핀,
앙버터올리브머핀,
그린티올리브머핀,
밀크올리브머핀,
소세지올리브머핀,
멜론올리브머핀,
바나나올리브머핀,
얼그레이올리브머핀,
누텔라올리브머핀,
글루텐프리올리브머핀,
샐러드올리브머핀,
청포도올리브머핀,
오렌지올리브머핀,
흑당올리브머핀,
허니올리브머핀,
레몬올리브머핀,
체리올리브머핀,
올리브머핀,
초코마라머핀,
민트초코마라머핀,
치즈마라머핀,
딸기마라머핀,
고구마마라머핀,
블루베리마라머핀,
크랜베리마라머핀,
땅콩버터마라머핀,
명란마라머핀,
허니버터마라머핀,
앙버터마라머핀,
그린티마라머핀,
밀크마라머핀,
소세지마라머핀,
멜론마라머핀,
바나나마라머핀,
얼그레이마라머핀,
누텔라마라머핀,
글루텐프리마라머핀,
샐러드마라머핀,
청포도마라머핀,
오렌지마라머핀,
흑당마라머핀,
허니마라머핀,
레몬마라머핀,
체리마라머핀,
마라머핀,
초코모닝머핀,
민트초코모닝머핀,
치즈모닝머핀,
딸기모닝머핀,
고구마모닝머핀,
블루베리모닝머핀,
크랜베리모닝머핀,
땅콩버터모닝머핀,
명란모닝머핀,
허니버터모닝머핀,
앙버터모닝머핀,
그린티모닝머핀,
밀크모닝머핀,
소세지모닝머핀,
멜론모닝머핀,
바나나모닝머핀,
얼그레이모닝머핀,
누텔라모닝머핀,
글루텐프리모닝머핀,
샐러드모닝머핀,
청포도모닝머핀,
오렌지모닝머핀,
흑당모닝머핀,
허니모닝머핀,
레몬모닝머핀,
체리모닝머핀,
모닝머핀,
초코참깨머핀,
민트초코참깨머핀,
치즈참깨머핀,
딸기참깨머핀,
고구마참깨머핀,
블루베리참깨머핀,
크랜베리참깨머핀,
땅콩버터참깨머핀,
명란참깨머핀,
허니버터참깨머핀,
앙버터참깨머핀,
그린티참깨머핀,
밀크참깨머핀,
소세지참깨머핀,
멜론참깨머핀,
바나나참깨머핀,
얼그레이참깨머핀,
누텔라참깨머핀,
글루텐프리참깨머핀,
샐러드참깨머핀,
청포도참깨머핀,
오렌지참깨머핀,
흑당참깨머핀,
허니참깨머핀,
레몬참깨머핀,
체리참깨머핀,
참깨머핀,
초코카레머핀,
민트초코카레머핀,
치즈카레머핀,
딸기카레머핀,
고구마카레머핀,
블루베리카레머핀,
크랜베리카레머핀,
땅콩버터카레머핀,
명란카레머핀,
허니버터카레머핀,
앙버터카레머핀,
그린티카레머핀,
밀크카레머핀,
소세지카레머핀,
멜론카레머핀,
바나나카레머핀,
얼그레이카레머핀,
누텔라카레머핀,
글루텐프리카레머핀,
샐러드카레머핀,
청포도카레머핀,
오렌지카레머핀,
흑당카레머핀,
허니카레머핀,
레몬카레머핀,
체리카레머핀,
카레머핀,
초코흑임자머핀,
민트초코흑임자머핀,
치즈흑임자머핀,
딸기흑임자머핀,
고구마흑임자머핀,
블루베리흑임자머핀,
크랜베리흑임자머핀,
땅콩버터흑임자머핀,
명란흑임자머핀,
허니버터흑임자머핀,
앙버터흑임자머핀,
그린티흑임자머핀,
밀크흑임자머핀,
소세지흑임자머핀,
멜론흑임자머핀,
바나나흑임자머핀,
얼그레이흑임자머핀,
누텔라흑임자머핀,
글루텐프리흑임자머핀,
샐러드흑임자머핀,
청포도흑임자머핀,
오렌지흑임자머핀,
흑당흑임자머핀,
허니흑임자머핀,
레몬흑임자머핀,
체리흑임자머핀,
흑임자머핀,
초코크림카스테라,
민트초코크림카스테라,
치즈크림카스테라,
딸기크림카스테라,
고구마크림카스테라,
블루베리크림카스테라,
크랜베리크림카스테라,
땅콩버터크림카스테라,
명란크림카스테라,
허니버터크림카스테라,
앙버터크림카스테라,
그린티크림카스테라,
밀크크림카스테라,
소세지크림카스테라,
멜론크림카스테라,
바나나크림카스테라,
얼그레이크림카스테라,
누텔라크림카스테라,
글루텐프리크림카스테라,
샐러드크림카스테라,
청포도크림카스테라,
오렌지크림카스테라,
흑당크림카스테라,
허니크림카스테라,
레몬크림카스테라,
체리크림카스테라,
크림카스테라,
초코팥카스테라,
민트초코팥카스테라,
치즈팥카스테라,
딸기팥카스테라,
고구마팥카스테라,
블루베리팥카스테라,
크랜베리팥카스테라,
땅콩버터팥카스테라,
명란팥카스테라,
허니버터팥카스테라,
앙버터팥카스테라,
그린티팥카스테라,
밀크팥카스테라,
소세지팥카스테라,
멜론팥카스테라,
바나나팥카스테라,
얼그레이팥카스테라,
누텔라팥카스테라,
글루텐프리팥카스테라,
샐러드팥카스테라,
청포도팥카스테라,
오렌지팥카스테라,
흑당팥카스테라,
허니팥카스테라,
레몬팥카스테라,
체리팥카스테라,
팥카스테라,
초코마늘카스테라,
민트초코마늘카스테라,
치즈마늘카스테라,
딸기마늘카스테라,
고구마마늘카스테라,
블루베리마늘카스테라,
크랜베리마늘카스테라,
땅콩버터마늘카스테라,
명란마늘카스테라,
허니버터마늘카스테라,
앙버터마늘카스테라,
그린티마늘카스테라,
밀크마늘카스테라,
소세지마늘카스테라,
멜론마늘카스테라,
바나나마늘카스테라,
얼그레이마늘카스테라,
누텔라마늘카스테라,
글루텐프리마늘카스테라,
샐러드마늘카스테라,
청포도마늘카스테라,
오렌지마늘카스테라,
흑당마늘카스테라,
허니마늘카스테라,
레몬마늘카스테라,
체리마늘카스테라,
마늘카스테라,
초코소보로카스테라,
민트초코소보로카스테라,
치즈소보로카스테라,
딸기소보로카스테라,
고구마소보로카스테라,
블루베리소보로카스테라,
크랜베리소보로카스테라,
땅콩버터소보로카스테라,
명란소보로카스테라,
허니버터소보로카스테라,
앙버터소보로카스테라,
그린티소보로카스테라,
밀크소보로카스테라,
소세지소보로카스테라,
멜론소보로카스테라,
바나나소보로카스테라,
얼그레이소보로카스테라,
누텔라소보로카스테라,
글루텐프리소보로카스테라,
샐러드소보로카스테라,
청포도소보로카스테라,
오렌지소보로카스테라,
흑당소보로카스테라,
허니소보로카스테라,
레몬소보로카스테라,
체리소보로카스테라,
소보로카스테라,
초코밤카스테라,
민트초코밤카스테라,
치즈밤카스테라,
딸기밤카스테라,
고구마밤카스테라,
블루베리밤카스테라,
크랜베리밤카스테라,
땅콩버터밤카스테라,
명란밤카스테라,
허니버터밤카스테라,
앙버터밤카스테라,
그린티밤카스테라,
밀크밤카스테라,
소세지밤카스테라,
멜론밤카스테라,
바나나밤카스테라,
얼그레이밤카스테라,
누텔라밤카스테라,
글루텐프리밤카스테라,
샐러드밤카스테라,
청포도밤카스테라,
오렌지밤카스테라,
흑당밤카스테라,
허니밤카스테라,
레몬밤카스테라,
체리밤카스테라,
밤카스테라,
초코호밀카스테라,
민트초코호밀카스테라,
치즈호밀카스테라,
딸기호밀카스테라,
고구마호밀카스테라,
블루베리호밀카스테라,
크랜베리호밀카스테라,
땅콩버터호밀카스테라,
명란호밀카스테라,
허니버터호밀카스테라,
앙버터호밀카스테라,
그린티호밀카스테라,
밀크호밀카스테라,
소세지호밀카스테라,
멜론호밀카스테라,
바나나호밀카스테라,
얼그레이호밀카스테라,
누텔라호밀카스테라,
글루텐프리호밀카스테라,
샐러드호밀카스테라,
청포도호밀카스테라,
오렌지호밀카스테라,
흑당호밀카스테라,
허니호밀카스테라,
레몬호밀카스테라,
체리호밀카스테라,
호밀카스테라,
초코마요카스테라,
민트초코마요카스테라,
치즈마요카스테라,
딸기마요카스테라,
고구마마요카스테라,
블루베리마요카스테라,
크랜베리마요카스테라,
땅콩버터마요카스테라,
명란마요카스테라,
허니버터마요카스테라,
앙버터마요카스테라,
그린티마요카스테라,
밀크마요카스테라,
소세지마요카스테라,
멜론마요카스테라,
바나나마요카스테라,
얼그레이마요카스테라,
누텔라마요카스테라,
글루텐프리마요카스테라,
샐러드마요카스테라,
청포도마요카스테라,
오렌지마요카스테라,
흑당마요카스테라,
허니마요카스테라,
레몬마요카스테라,
체리마요카스테라,
마요카스테라,
초코피자카스테라,
민트초코피자카스테라,
치즈피자카스테라,
딸기피자카스테라,
고구마피자카스테라,
블루베리피자카스테라,
크랜베리피자카스테라,
땅콩버터피자카스테라,
명란피자카스테라,
허니버터피자카스테라,
앙버터피자카스테라,
그린티피자카스테라,
밀크피자카스테라,
소세지피자카스테라,
멜론피자카스테라,
바나나피자카스테라,
얼그레이피자카스테라,
누텔라피자카스테라,
글루텐프리피자카스테라,
샐러드피자카스테라,
청포도피자카스테라,
오렌지피자카스테라,
흑당피자카스테라,
허니피자카스테라,
레몬피자카스테라,
체리피자카스테라,
피자카스테라,
초코시나몬카스테라,
민트초코시나몬카스테라,
치즈시나몬카스테라,
딸기시나몬카스테라,
고구마시나몬카스테라,
블루베리시나몬카스테라,
크랜베리시나몬카스테라,
땅콩버터시나몬카스테라,
명란시나몬카스테라,
허니버터시나몬카스테라,
앙버터시나몬카스테라,
그린티시나몬카스테라,
밀크시나몬카스테라,
소세지시나몬카스테라,
멜론시나몬카스테라,
바나나시나몬카스테라,
얼그레이시나몬카스테라,
누텔라시나몬카스테라,
글루텐프리시나몬카스테라,
샐러드시나몬카스테라,
청포도시나몬카스테라,
오렌지시나몬카스테라,
흑당시나몬카스테라,
허니시나몬카스테라,
레몬시나몬카스테라,
체리시나몬카스테라,
시나몬카스테라,
초코올리브카스테라,
민트초코올리브카스테라,
치즈올리브카스테라,
딸기올리브카스테라,
고구마올리브카스테라,
블루베리올리브카스테라,
크랜베리올리브카스테라,
땅콩버터올리브카스테라,
명란올리브카스테라,
허니버터올리브카스테라,
앙버터올리브카스테라,
그린티올리브카스테라,
밀크올리브카스테라,
소세지올리브카스테라,
멜론올리브카스테라,
바나나올리브카스테라,
얼그레이올리브카스테라,
누텔라올리브카스테라,
글루텐프리올리브카스테라,
샐러드올리브카스테라,
청포도올리브카스테라,
오렌지올리브카스테라,
흑당올리브카스테라,
허니올리브카스테라,
레몬올리브카스테라,
체리올리브카스테라,
올리브카스테라,
초코마라카스테라,
민트초코마라카스테라,
치즈마라카스테라,
딸기마라카스테라,
고구마마라카스테라,
블루베리마라카스테라,
크랜베리마라카스테라,
땅콩버터마라카스테라,
명란마라카스테라,
허니버터마라카스테라,
앙버터마라카스테라,
그린티마라카스테라,
밀크마라카스테라,
소세지마라카스테라,
멜론마라카스테라,
바나나마라카스테라,
얼그레이마라카스테라,
누텔라마라카스테라,
글루텐프리마라카스테라,
샐러드마라카스테라,
청포도마라카스테라,
오렌지마라카스테라,
흑당마라카스테라,
허니마라카스테라,
레몬마라카스테라,
체리마라카스테라,
마라카스테라,
초코모닝카스테라,
민트초코모닝카스테라,
치즈모닝카스테라,
딸기모닝카스테라,
고구마모닝카스테라,
블루베리모닝카스테라,
크랜베리모닝카스테라,
땅콩버터모닝카스테라,
명란모닝카스테라,
허니버터모닝카스테라,
앙버터모닝카스테라,
그린티모닝카스테라,
밀크모닝카스테라,
소세지모닝카스테라,
멜론모닝카스테라,
바나나모닝카스테라,
얼그레이모닝카스테라,
누텔라모닝카스테라,
글루텐프리모닝카스테라,
샐러드모닝카스테라,
청포도모닝카스테라,
오렌지모닝카스테라,
흑당모닝카스테라,
허니모닝카스테라,
레몬모닝카스테라,
체리모닝카스테라,
모닝카스테라,
초코참깨카스테라,
민트초코참깨카스테라,
치즈참깨카스테라,
딸기참깨카스테라,
고구마참깨카스테라,
블루베리참깨카스테라,
크랜베리참깨카스테라,
땅콩버터참깨카스테라,
명란참깨카스테라,
허니버터참깨카스테라,
앙버터참깨카스테라,
그린티참깨카스테라,
밀크참깨카스테라,
소세지참깨카스테라,
멜론참깨카스테라,
바나나참깨카스테라,
얼그레이참깨카스테라,
누텔라참깨카스테라,
글루텐프리참깨카스테라,
샐러드참깨카스테라,
청포도참깨카스테라,
오렌지참깨카스테라,
흑당참깨카스테라,
허니참깨카스테라,
레몬참깨카스테라,
체리참깨카스테라,
참깨카스테라,
초코카레카스테라,
민트초코카레카스테라,
치즈카레카스테라,
딸기카레카스테라,
고구마카레카스테라,
블루베리카레카스테라,
크랜베리카레카스테라,
땅콩버터카레카스테라,
명란카레카스테라,
허니버터카레카스테라,
앙버터카레카스테라,
그린티카레카스테라,
밀크카레카스테라,
소세지카레카스테라,
멜론카레카스테라,
바나나카레카스테라,
얼그레이카레카스테라,
누텔라카레카스테라,
글루텐프리카레카스테라,
샐러드카레카스테라,
청포도카레카스테라,
오렌지카레카스테라,
흑당카레카스테라,
허니카레카스테라,
레몬카레카스테라,
체리카레카스테라,
카레카스테라,
초코흑임자카스테라,
민트초코흑임자카스테라,
치즈흑임자카스테라,
딸기흑임자카스테라,
고구마흑임자카스테라,
블루베리흑임자카스테라,
크랜베리흑임자카스테라,
땅콩버터흑임자카스테라,
명란흑임자카스테라,
허니버터흑임자카스테라,
앙버터흑임자카스테라,
그린티흑임자카스테라,
밀크흑임자카스테라,
소세지흑임자카스테라,
멜론흑임자카스테라,
바나나흑임자카스테라,
얼그레이흑임자카스테라,
누텔라흑임자카스테라,
글루텐프리흑임자카스테라,
샐러드흑임자카스테라,
청포도흑임자카스테라,
오렌지흑임자카스테라,
흑당흑임자카스테라,
허니흑임자카스테라,
레몬흑임자카스테라,
체리흑임자카스테라,
흑임자카스테라,
초코크림바게트,
민트초코크림바게트,
치즈크림바게트,
딸기크림바게트,
고구마크림바게트,
블루베리크림바게트,
크랜베리크림바게트,
땅콩버터크림바게트,
명란크림바게트,
허니버터크림바게트,
앙버터크림바게트,
그린티크림바게트,
밀크크림바게트,
소세지크림바게트,
멜론크림바게트,
바나나크림바게트,
얼그레이크림바게트,
누텔라크림바게트,
글루텐프리크림바게트,
샐러드크림바게트,
청포도크림바게트,
오렌지크림바게트,
흑당크림바게트,
허니크림바게트,
레몬크림바게트,
체리크림바게트,
크림바게트,
초코팥바게트,
민트초코팥바게트,
치즈팥바게트,
딸기팥바게트,
고구마팥바게트,
블루베리팥바게트,
크랜베리팥바게트,
땅콩버터팥바게트,
명란팥바게트,
허니버터팥바게트,
앙버터팥바게트,
그린티팥바게트,
밀크팥바게트,
소세지팥바게트,
멜론팥바게트,
바나나팥바게트,
얼그레이팥바게트,
누텔라팥바게트,
글루텐프리팥바게트,
샐러드팥바게트,
청포도팥바게트,
오렌지팥바게트,
흑당팥바게트,
허니팥바게트,
레몬팥바게트,
체리팥바게트,
팥바게트,
초코마늘바게트,
민트초코마늘바게트,
치즈마늘바게트,
딸기마늘바게트,
고구마마늘바게트,
블루베리마늘바게트,
크랜베리마늘바게트,
땅콩버터마늘바게트,
명란마늘바게트,
허니버터마늘바게트,
앙버터마늘바게트,
그린티마늘바게트,
밀크마늘바게트,
소세지마늘바게트,
멜론마늘바게트,
바나나마늘바게트,
얼그레이마늘바게트,
누텔라마늘바게트,
글루텐프리마늘바게트,
샐러드마늘바게트,
청포도마늘바게트,
오렌지마늘바게트,
흑당마늘바게트,
허니마늘바게트,
레몬마늘바게트,
체리마늘바게트,
마늘바게트,
초코소보로바게트,
민트초코소보로바게트,
치즈소보로바게트,
딸기소보로바게트,
고구마소보로바게트,
블루베리소보로바게트,
크랜베리소보로바게트,
땅콩버터소보로바게트,
명란소보로바게트,
허니버터소보로바게트,
앙버터소보로바게트,
그린티소보로바게트,
밀크소보로바게트,
소세지소보로바게트,
멜론소보로바게트,
바나나소보로바게트,
얼그레이소보로바게트,
누텔라소보로바게트,
글루텐프리소보로바게트,
샐러드소보로바게트,
청포도소보로바게트,
오렌지소보로바게트,
흑당소보로바게트,
허니소보로바게트,
레몬소보로바게트,
체리소보로바게트,
소보로바게트,
초코밤바게트,
민트초코밤바게트,
치즈밤바게트,
딸기밤바게트,
고구마밤바게트,
블루베리밤바게트,
크랜베리밤바게트,
땅콩버터밤바게트,
명란밤바게트,
허니버터밤바게트,
앙버터밤바게트,
그린티밤바게트,
밀크밤바게트,
소세지밤바게트,
멜론밤바게트,
바나나밤바게트,
얼그레이밤바게트,
누텔라밤바게트,
글루텐프리밤바게트,
샐러드밤바게트,
청포도밤바게트,
오렌지밤바게트,
흑당밤바게트,
허니밤바게트,
레몬밤바게트,
체리밤바게트,
밤바게트,
초코호밀바게트,
민트초코호밀바게트,
치즈호밀바게트,
딸기호밀바게트,
고구마호밀바게트,
블루베리호밀바게트,
크랜베리호밀바게트,
땅콩버터호밀바게트,
명란호밀바게트,
허니버터호밀바게트,
앙버터호밀바게트,
그린티호밀바게트,
밀크호밀바게트,
소세지호밀바게트,
멜론호밀바게트,
바나나호밀바게트,
얼그레이호밀바게트,
누텔라호밀바게트,
글루텐프리호밀바게트,
샐러드호밀바게트,
청포도호밀바게트,
오렌지호밀바게트,
흑당호밀바게트,
허니호밀바게트,
레몬호밀바게트,
체리호밀바게트,
호밀바게트,
초코마요바게트,
민트초코마요바게트,
치즈마요바게트,
딸기마요바게트,
고구마마요바게트,
블루베리마요바게트,
크랜베리마요바게트,
땅콩버터마요바게트,
명란마요바게트,
허니버터마요바게트,
앙버터마요바게트,
그린티마요바게트,
밀크마요바게트,
소세지마요바게트,
멜론마요바게트,
바나나마요바게트,
얼그레이마요바게트,
누텔라마요바게트,
글루텐프리마요바게트,
샐러드마요바게트,
청포도마요바게트,
오렌지마요바게트,
흑당마요바게트,
허니마요바게트,
레몬마요바게트,
체리마요바게트,
마요바게트,
초코피자바게트,
민트초코피자바게트,
치즈피자바게트,
딸기피자바게트,
고구마피자바게트,
블루베리피자바게트,
크랜베리피자바게트,
땅콩버터피자바게트,
명란피자바게트,
허니버터피자바게트,
앙버터피자바게트,
그린티피자바게트,
밀크피자바게트,
소세지피자바게트,
멜론피자바게트,
바나나피자바게트,
얼그레이피자바게트,
누텔라피자바게트,
글루텐프리피자바게트,
샐러드피자바게트,
청포도피자바게트,
오렌지피자바게트,
흑당피자바게트,
허니피자바게트,
레몬피자바게트,
체리피자바게트,
피자바게트,
초코시나몬바게트,
민트초코시나몬바게트,
치즈시나몬바게트,
딸기시나몬바게트,
고구마시나몬바게트,
블루베리시나몬바게트,
크랜베리시나몬바게트,
땅콩버터시나몬바게트,
명란시나몬바게트,
허니버터시나몬바게트,
앙버터시나몬바게트,
그린티시나몬바게트,
밀크시나몬바게트,
소세지시나몬바게트,
멜론시나몬바게트,
바나나시나몬바게트,
얼그레이시나몬바게트,
누텔라시나몬바게트,
글루텐프리시나몬바게트,
샐러드시나몬바게트,
청포도시나몬바게트,
오렌지시나몬바게트,
흑당시나몬바게트,
허니시나몬바게트,
레몬시나몬바게트,
체리시나몬바게트,
시나몬바게트,
초코올리브바게트,
민트초코올리브바게트,
치즈올리브바게트,
딸기올리브바게트,
고구마올리브바게트,
블루베리올리브바게트,
크랜베리올리브바게트,
땅콩버터올리브바게트,
명란올리브바게트,
허니버터올리브바게트,
앙버터올리브바게트,
그린티올리브바게트,
밀크올리브바게트,
소세지올리브바게트,
멜론올리브바게트,
바나나올리브바게트,
얼그레이올리브바게트,
누텔라올리브바게트,
글루텐프리올리브바게트,
샐러드올리브바게트,
청포도올리브바게트,
오렌지올리브바게트,
흑당올리브바게트,
허니올리브바게트,
레몬올리브바게트,
체리올리브바게트,
올리브바게트,
초코마라바게트,
민트초코마라바게트,
치즈마라바게트,
딸기마라바게트,
고구마마라바게트,
블루베리마라바게트,
크랜베리마라바게트,
땅콩버터마라바게트,
명란마라바게트,
허니버터마라바게트,
앙버터마라바게트,
그린티마라바게트,
밀크마라바게트,
소세지마라바게트,
멜론마라바게트,
바나나마라바게트,
얼그레이마라바게트,
누텔라마라바게트,
글루텐프리마라바게트,
샐러드마라바게트,
청포도마라바게트,
오렌지마라바게트,
흑당마라바게트,
허니마라바게트,
레몬마라바게트,
체리마라바게트,
마라바게트,
초코모닝바게트,
민트초코모닝바게트,
치즈모닝바게트,
딸기모닝바게트,
고구마모닝바게트,
블루베리모닝바게트,
크랜베리모닝바게트,
땅콩버터모닝바게트,
명란모닝바게트,
허니버터모닝바게트,
앙버터모닝바게트,
그린티모닝바게트,
밀크모닝바게트,
소세지모닝바게트,
멜론모닝바게트,
바나나모닝바게트,
얼그레이모닝바게트,
누텔라모닝바게트,
글루텐프리모닝바게트,
샐러드모닝바게트,
청포도모닝바게트,
오렌지모닝바게트,
흑당모닝바게트,
허니모닝바게트,
레몬모닝바게트,
체리모닝바게트,
모닝바게트,
초코참깨바게트,
민트초코참깨바게트,
치즈참깨바게트,
딸기참깨바게트,
고구마참깨바게트,
블루베리참깨바게트,
크랜베리참깨바게트,
땅콩버터참깨바게트,
명란참깨바게트,
허니버터참깨바게트,
앙버터참깨바게트,
그린티참깨바게트,
밀크참깨바게트,
소세지참깨바게트,
멜론참깨바게트,
바나나참깨바게트,
얼그레이참깨바게트,
누텔라참깨바게트,
글루텐프리참깨바게트,
샐러드참깨바게트,
청포도참깨바게트,
오렌지참깨바게트,
흑당참깨바게트,
허니참깨바게트,
레몬참깨바게트,
체리참깨바게트,
참깨바게트,
초코카레바게트,
민트초코카레바게트,
치즈카레바게트,
딸기카레바게트,
고구마카레바게트,
블루베리카레바게트,
크랜베리카레바게트,
땅콩버터카레바게트,
명란카레바게트,
허니버터카레바게트,
앙버터카레바게트,
그린티카레바게트,
밀크카레바게트,
소세지카레바게트,
멜론카레바게트,
바나나카레바게트,
얼그레이카레바게트,
누텔라카레바게트,
글루텐프리카레바게트,
샐러드카레바게트,
청포도카레바게트,
오렌지카레바게트,
흑당카레바게트,
허니카레바게트,
레몬카레바게트,
체리카레바게트,
카레바게트,
초코흑임자바게트,
민트초코흑임자바게트,
치즈흑임자바게트,
딸기흑임자바게트,
고구마흑임자바게트,
블루베리흑임자바게트,
크랜베리흑임자바게트,
땅콩버터흑임자바게트,
명란흑임자바게트,
허니버터흑임자바게트,
앙버터흑임자바게트,
그린티흑임자바게트,
밀크흑임자바게트,
소세지흑임자바게트,
멜론흑임자바게트,
바나나흑임자바게트,
얼그레이흑임자바게트,
누텔라흑임자바게트,
글루텐프리흑임자바게트,
샐러드흑임자바게트,
청포도흑임자바게트,
오렌지흑임자바게트,
흑당흑임자바게트,
허니흑임자바게트,
레몬흑임자바게트,
체리흑임자바게트,
흑임자바게트,
초코크림베이글,
민트초코크림베이글,
치즈크림베이글,
딸기크림베이글,
고구마크림베이글,
블루베리크림베이글,
크랜베리크림베이글,
땅콩버터크림베이글,
명란크림베이글,
허니버터크림베이글,
앙버터크림베이글,
그린티크림베이글,
밀크크림베이글,
소세지크림베이글,
멜론크림베이글,
바나나크림베이글,
얼그레이크림베이글,
누텔라크림베이글,
글루텐프리크림베이글,
샐러드크림베이글,
청포도크림베이글,
오렌지크림베이글,
흑당크림베이글,
허니크림베이글,
레몬크림베이글,
체리크림베이글,
크림베이글,
초코팥베이글,
민트초코팥베이글,
치즈팥베이글,
딸기팥베이글,
고구마팥베이글,
블루베리팥베이글,
크랜베리팥베이글,
땅콩버터팥베이글,
명란팥베이글,
허니버터팥베이글,
앙버터팥베이글,
그린티팥베이글,
밀크팥베이글,
소세지팥베이글,
멜론팥베이글,
바나나팥베이글,
얼그레이팥베이글,
누텔라팥베이글,
글루텐프리팥베이글,
샐러드팥베이글,
청포도팥베이글,
오렌지팥베이글,
흑당팥베이글,
허니팥베이글,
레몬팥베이글,
체리팥베이글,
팥베이글,
초코마늘베이글,
민트초코마늘베이글,
치즈마늘베이글,
딸기마늘베이글,
고구마마늘베이글,
블루베리마늘베이글,
크랜베리마늘베이글,
땅콩버터마늘베이글,
명란마늘베이글,
허니버터마늘베이글,
앙버터마늘베이글,
그린티마늘베이글,
밀크마늘베이글,
소세지마늘베이글,
멜론마늘베이글,
바나나마늘베이글,
얼그레이마늘베이글,
누텔라마늘베이글,
글루텐프리마늘베이글,
샐러드마늘베이글,
청포도마늘베이글,
오렌지마늘베이글,
흑당마늘베이글,
허니마늘베이글,
레몬마늘베이글,
체리마늘베이글,
마늘베이글,
초코소보로베이글,
민트초코소보로베이글,
치즈소보로베이글,
딸기소보로베이글,
고구마소보로베이글,
블루베리소보로베이글,
크랜베리소보로베이글,
땅콩버터소보로베이글,
명란소보로베이글,
허니버터소보로베이글,
앙버터소보로베이글,
그린티소보로베이글,
밀크소보로베이글,
소세지소보로베이글,
멜론소보로베이글,
바나나소보로베이글,
얼그레이소보로베이글,
누텔라소보로베이글,
글루텐프리소보로베이글,
샐러드소보로베이글,
청포도소보로베이글,
오렌지소보로베이글,
흑당소보로베이글,
허니소보로베이글,
레몬소보로베이글,
체리소보로베이글,
소보로베이글,
초코밤베이글,
민트초코밤베이글,
치즈밤베이글,
딸기밤베이글,
고구마밤베이글,
블루베리밤베이글,
크랜베리밤베이글,
땅콩버터밤베이글,
명란밤베이글,
허니버터밤베이글,
앙버터밤베이글,
그린티밤베이글,
밀크밤베이글,
소세지밤베이글,
멜론밤베이글,
바나나밤베이글,
얼그레이밤베이글,
누텔라밤베이글,
글루텐프리밤베이글,
샐러드밤베이글,
청포도밤베이글,
오렌지밤베이글,
흑당밤베이글,
허니밤베이글,
레몬밤베이글,
체리밤베이글,
밤베이글,
초코호밀베이글,
민트초코호밀베이글,
치즈호밀베이글,
딸기호밀베이글,
고구마호밀베이글,
블루베리호밀베이글,
크랜베리호밀베이글,
땅콩버터호밀베이글,
명란호밀베이글,
허니버터호밀베이글,
앙버터호밀베이글,
그린티호밀베이글,
밀크호밀베이글,
소세지호밀베이글,
멜론호밀베이글,
바나나호밀베이글,
얼그레이호밀베이글,
누텔라호밀베이글,
글루텐프리호밀베이글,
샐러드호밀베이글,
청포도호밀베이글,
오렌지호밀베이글,
흑당호밀베이글,
허니호밀베이글,
레몬호밀베이글,
체리호밀베이글,
호밀베이글,
초코마요베이글,
민트초코마요베이글,
치즈마요베이글,
딸기마요베이글,
고구마마요베이글,
블루베리마요베이글,
크랜베리마요베이글,
땅콩버터마요베이글,
명란마요베이글,
허니버터마요베이글,
앙버터마요베이글,
그린티마요베이글,
밀크마요베이글,
소세지마요베이글,
멜론마요베이글,
바나나마요베이글,
얼그레이마요베이글,
누텔라마요베이글,
글루텐프리마요베이글,
샐러드마요베이글,
청포도마요베이글,
오렌지마요베이글,
흑당마요베이글,
허니마요베이글,
레몬마요베이글,
체리마요베이글,
마요베이글,
초코피자베이글,
민트초코피자베이글,
치즈피자베이글,
딸기피자베이글,
고구마피자베이글,
블루베리피자베이글,
크랜베리피자베이글,
땅콩버터피자베이글,
명란피자베이글,
허니버터피자베이글,
앙버터피자베이글,
그린티피자베이글,
밀크피자베이글,
소세지피자베이글,
멜론피자베이글,
바나나피자베이글,
얼그레이피자베이글,
누텔라피자베이글,
글루텐프리피자베이글,
샐러드피자베이글,
청포도피자베이글,
오렌지피자베이글,
흑당피자베이글,
허니피자베이글,
레몬피자베이글,
체리피자베이글,
피자베이글,
초코시나몬베이글,
민트초코시나몬베이글,
치즈시나몬베이글,
딸기시나몬베이글,
고구마시나몬베이글,
블루베리시나몬베이글,
크랜베리시나몬베이글,
땅콩버터시나몬베이글,
명란시나몬베이글,
허니버터시나몬베이글,
앙버터시나몬베이글,
그린티시나몬베이글,
밀크시나몬베이글,
소세지시나몬베이글,
멜론시나몬베이글,
바나나시나몬베이글,
얼그레이시나몬베이글,
누텔라시나몬베이글,
글루텐프리시나몬베이글,
샐러드시나몬베이글,
청포도시나몬베이글,
오렌지시나몬베이글,
흑당시나몬베이글,
허니시나몬베이글,
레몬시나몬베이글,
체리시나몬베이글,
시나몬베이글,
초코올리브베이글,
민트초코올리브베이글,
치즈올리브베이글,
딸기올리브베이글,
고구마올리브베이글,
블루베리올리브베이글,
크랜베리올리브베이글,
땅콩버터올리브베이글,
명란올리브베이글,
허니버터올리브베이글,
앙버터올리브베이글,
그린티올리브베이글,
밀크올리브베이글,
소세지올리브베이글,
멜론올리브베이글,
바나나올리브베이글,
얼그레이올리브베이글,
누텔라올리브베이글,
글루텐프리올리브베이글,
샐러드올리브베이글,
청포도올리브베이글,
오렌지올리브베이글,
흑당올리브베이글,
허니올리브베이글,
레몬올리브베이글,
체리올리브베이글,
올리브베이글,
초코마라베이글,
민트초코마라베이글,
치즈마라베이글,
딸기마라베이글,
고구마마라베이글,
블루베리마라베이글,
크랜베리마라베이글,
땅콩버터마라베이글,
명란마라베이글,
허니버터마라베이글,
앙버터마라베이글,
그린티마라베이글,
밀크마라베이글,
소세지마라베이글,
멜론마라베이글,
바나나마라베이글,
얼그레이마라베이글,
누텔라마라베이글,
글루텐프리마라베이글,
샐러드마라베이글,
청포도마라베이글,
오렌지마라베이글,
흑당마라베이글,
허니마라베이글,
레몬마라베이글,
체리마라베이글,
마라베이글,
초코모닝베이글,
민트초코모닝베이글,
치즈모닝베이글,
딸기모닝베이글,
고구마모닝베이글,
블루베리모닝베이글,
크랜베리모닝베이글,
땅콩버터모닝베이글,
명란모닝베이글,
허니버터모닝베이글,
앙버터모닝베이글,
그린티모닝베이글,
밀크모닝베이글,
소세지모닝베이글,
멜론모닝베이글,
바나나모닝베이글,
얼그레이모닝베이글,
누텔라모닝베이글,
글루텐프리모닝베이글,
샐러드모닝베이글,
청포도모닝베이글,
오렌지모닝베이글,
흑당모닝베이글,
허니모닝베이글,
레몬모닝베이글,
체리모닝베이글,
모닝베이글,
초코참깨베이글,
민트초코참깨베이글,
치즈참깨베이글,
딸기참깨베이글,
고구마참깨베이글,
블루베리참깨베이글,
크랜베리참깨베이글,
땅콩버터참깨베이글,
명란참깨베이글,
허니버터참깨베이글,
앙버터참깨베이글,
그린티참깨베이글,
밀크참깨베이글,
소세지참깨베이글,
멜론참깨베이글,
바나나참깨베이글,
얼그레이참깨베이글,
누텔라참깨베이글,
글루텐프리참깨베이글,
샐러드참깨베이글,
청포도참깨베이글,
오렌지참깨베이글,
흑당참깨베이글,
허니참깨베이글,
레몬참깨베이글,
체리참깨베이글,
참깨베이글,
초코카레베이글,
민트초코카레베이글,
치즈카레베이글,
딸기카레베이글,
고구마카레베이글,
블루베리카레베이글,
크랜베리카레베이글,
땅콩버터카레베이글,
명란카레베이글,
허니버터카레베이글,
앙버터카레베이글,
그린티카레베이글,
밀크카레베이글,
소세지카레베이글,
멜론카레베이글,
바나나카레베이글,
얼그레이카레베이글,
누텔라카레베이글,
글루텐프리카레베이글,
샐러드카레베이글,
청포도카레베이글,
오렌지카레베이글,
흑당카레베이글,
허니카레베이글,
레몬카레베이글,
체리카레베이글,
카레베이글,
초코흑임자베이글,
민트초코흑임자베이글,
치즈흑임자베이글,
딸기흑임자베이글,
고구마흑임자베이글,
블루베리흑임자베이글,
크랜베리흑임자베이글,
땅콩버터흑임자베이글,
명란흑임자베이글,
허니버터흑임자베이글,
앙버터흑임자베이글,
그린티흑임자베이글,
밀크흑임자베이글,
소세지흑임자베이글,
멜론흑임자베이글,
바나나흑임자베이글,
얼그레이흑임자베이글,
누텔라흑임자베이글,
글루텐프리흑임자베이글,
샐러드흑임자베이글,
청포도흑임자베이글,
오렌지흑임자베이글,
흑당흑임자베이글,
허니흑임자베이글,
레몬흑임자베이글,
체리흑임자베이글,
흑임자베이글,
초코크림스콘,
민트초코크림스콘,
치즈크림스콘,
딸기크림스콘,
고구마크림스콘,
블루베리크림스콘,
크랜베리크림스콘,
땅콩버터크림스콘,
명란크림스콘,
허니버터크림스콘,
앙버터크림스콘,
그린티크림스콘,
밀크크림스콘,
소세지크림스콘,
멜론크림스콘,
바나나크림스콘,
얼그레이크림스콘,
누텔라크림스콘,
글루텐프리크림스콘,
샐러드크림스콘,
청포도크림스콘,
오렌지크림스콘,
흑당크림스콘,
허니크림스콘,
레몬크림스콘,
체리크림스콘,
크림스콘,
초코팥스콘,
민트초코팥스콘,
치즈팥스콘,
딸기팥스콘,
고구마팥스콘,
블루베리팥스콘,
크랜베리팥스콘,
땅콩버터팥스콘,
명란팥스콘,
허니버터팥스콘,
앙버터팥스콘,
그린티팥스콘,
밀크팥스콘,
소세지팥스콘,
멜론팥스콘,
바나나팥스콘,
얼그레이팥스콘,
누텔라팥스콘,
글루텐프리팥스콘,
샐러드팥스콘,
청포도팥스콘,
오렌지팥스콘,
흑당팥스콘,
허니팥스콘,
레몬팥스콘,
체리팥스콘,
팥스콘,
초코마늘스콘,
민트초코마늘스콘,
치즈마늘스콘,
딸기마늘스콘,
고구마마늘스콘,
블루베리마늘스콘,
크랜베리마늘스콘,
땅콩버터마늘스콘,
명란마늘스콘,
허니버터마늘스콘,
앙버터마늘스콘,
그린티마늘스콘,
밀크마늘스콘,
소세지마늘스콘,
멜론마늘스콘,
바나나마늘스콘,
얼그레이마늘스콘,
누텔라마늘스콘,
글루텐프리마늘스콘,
샐러드마늘스콘,
청포도마늘스콘,
오렌지마늘스콘,
흑당마늘스콘,
허니마늘스콘,
레몬마늘스콘,
체리마늘스콘,
마늘스콘,
초코소보로스콘,
민트초코소보로스콘,
치즈소보로스콘,
딸기소보로스콘,
고구마소보로스콘,
블루베리소보로스콘,
크랜베리소보로스콘,
땅콩버터소보로스콘,
명란소보로스콘,
허니버터소보로스콘,
앙버터소보로스콘,
그린티소보로스콘,
밀크소보로스콘,
소세지소보로스콘,
멜론소보로스콘,
바나나소보로스콘,
얼그레이소보로스콘,
누텔라소보로스콘,
글루텐프리소보로스콘,
샐러드소보로스콘,
청포도소보로스콘,
오렌지소보로스콘,
흑당소보로스콘,
허니소보로스콘,
레몬소보로스콘,
체리소보로스콘,
소보로스콘,
초코밤스콘,
민트초코밤스콘,
치즈밤스콘,
딸기밤스콘,
고구마밤스콘,
블루베리밤스콘,
크랜베리밤스콘,
땅콩버터밤스콘,
명란밤스콘,
허니버터밤스콘,
앙버터밤스콘,
그린티밤스콘,
밀크밤스콘,
소세지밤스콘,
멜론밤스콘,
바나나밤스콘,
얼그레이밤스콘,
누텔라밤스콘,
글루텐프리밤스콘,
샐러드밤스콘,
청포도밤스콘,
오렌지밤스콘,
흑당밤스콘,
허니밤스콘,
레몬밤스콘,
체리밤스콘,
밤스콘,
초코호밀스콘,
민트초코호밀스콘,
치즈호밀스콘,
딸기호밀스콘,
고구마호밀스콘,
블루베리호밀스콘,
크랜베리호밀스콘,
땅콩버터호밀스콘,
명란호밀스콘,
허니버터호밀스콘,
앙버터호밀스콘,
그린티호밀스콘,
밀크호밀스콘,
소세지호밀스콘,
멜론호밀스콘,
바나나호밀스콘,
얼그레이호밀스콘,
누텔라호밀스콘,
글루텐프리호밀스콘,
샐러드호밀스콘,
청포도호밀스콘,
오렌지호밀스콘,
흑당호밀스콘,
허니호밀스콘,
레몬호밀스콘,
체리호밀스콘,
호밀스콘,
초코마요스콘,
민트초코마요스콘,
치즈마요스콘,
딸기마요스콘,
고구마마요스콘,
블루베리마요스콘,
크랜베리마요스콘,
땅콩버터마요스콘,
명란마요스콘,
허니버터마요스콘,
앙버터마요스콘,
그린티마요스콘,
밀크마요스콘,
소세지마요스콘,
멜론마요스콘,
바나나마요스콘,
얼그레이마요스콘,
누텔라마요스콘,
글루텐프리마요스콘,
샐러드마요스콘,
청포도마요스콘,
오렌지마요스콘,
흑당마요스콘,
허니마요스콘,
레몬마요스콘,
체리마요스콘,
마요스콘,
초코피자스콘,
민트초코피자스콘,
치즈피자스콘,
딸기피자스콘,
고구마피자스콘,
블루베리피자스콘,
크랜베리피자스콘,
땅콩버터피자스콘,
명란피자스콘,
허니버터피자스콘,
앙버터피자스콘,
그린티피자스콘,
밀크피자스콘,
소세지피자스콘,
멜론피자스콘,
바나나피자스콘,
얼그레이피자스콘,
누텔라피자스콘,
글루텐프리피자스콘,
샐러드피자스콘,
청포도피자스콘,
오렌지피자스콘,
흑당피자스콘,
허니피자스콘,
레몬피자스콘,
체리피자스콘,
피자스콘,
초코시나몬스콘,
민트초코시나몬스콘,
치즈시나몬스콘,
딸기시나몬스콘,
고구마시나몬스콘,
블루베리시나몬스콘,
크랜베리시나몬스콘,
땅콩버터시나몬스콘,
명란시나몬스콘,
허니버터시나몬스콘,
앙버터시나몬스콘,
그린티시나몬스콘,
밀크시나몬스콘,
소세지시나몬스콘,
멜론시나몬스콘,
바나나시나몬스콘,
얼그레이시나몬스콘,
누텔라시나몬스콘,
글루텐프리시나몬스콘,
샐러드시나몬스콘,
청포도시나몬스콘,
오렌지시나몬스콘,
흑당시나몬스콘,
허니시나몬스콘,
레몬시나몬스콘,
체리시나몬스콘,
시나몬스콘,
초코올리브스콘,
민트초코올리브스콘,
치즈올리브스콘,
딸기올리브스콘,
고구마올리브스콘,
블루베리올리브스콘,
크랜베리올리브스콘,
땅콩버터올리브스콘,
명란올리브스콘,
허니버터올리브스콘,
앙버터올리브스콘,
그린티올리브스콘,
밀크올리브스콘,
소세지올리브스콘,
멜론올리브스콘,
바나나올리브스콘,
얼그레이올리브스콘,
누텔라올리브스콘,
글루텐프리올리브스콘,
샐러드올리브스콘,
청포도올리브스콘,
오렌지올리브스콘,
흑당올리브스콘,
허니올리브스콘,
레몬올리브스콘,
체리올리브스콘,
올리브스콘,
초코마라스콘,
민트초코마라스콘,
치즈마라스콘,
딸기마라스콘,
고구마마라스콘,
블루베리마라스콘,
크랜베리마라스콘,
땅콩버터마라스콘,
명란마라스콘,
허니버터마라스콘,
앙버터마라스콘,
그린티마라스콘,
밀크마라스콘,
소세지마라스콘,
멜론마라스콘,
바나나마라스콘,
얼그레이마라스콘,
누텔라마라스콘,
글루텐프리마라스콘,
샐러드마라스콘,
청포도마라스콘,
오렌지마라스콘,
흑당마라스콘,
허니마라스콘,
레몬마라스콘,
체리마라스콘,
마라스콘,
초코모닝스콘,
민트초코모닝스콘,
치즈모닝스콘,
딸기모닝스콘,
고구마모닝스콘,
블루베리모닝스콘,
크랜베리모닝스콘,
땅콩버터모닝스콘,
명란모닝스콘,
허니버터모닝스콘,
앙버터모닝스콘,
그린티모닝스콘,
밀크모닝스콘,
소세지모닝스콘,
멜론모닝스콘,
바나나모닝스콘,
얼그레이모닝스콘,
누텔라모닝스콘,
글루텐프리모닝스콘,
샐러드모닝스콘,
청포도모닝스콘,
오렌지모닝스콘,
흑당모닝스콘,
허니모닝스콘,
레몬모닝스콘,
체리모닝스콘,
모닝스콘,
초코참깨스콘,
민트초코참깨스콘,
치즈참깨스콘,
딸기참깨스콘,
고구마참깨스콘,
블루베리참깨스콘,
크랜베리참깨스콘,
땅콩버터참깨스콘,
명란참깨스콘,
허니버터참깨스콘,
앙버터참깨스콘,
그린티참깨스콘,
밀크참깨스콘,
소세지참깨스콘,
멜론참깨스콘,
바나나참깨스콘,
얼그레이참깨스콘,
누텔라참깨스콘,
글루텐프리참깨스콘,
샐러드참깨스콘,
청포도참깨스콘,
오렌지참깨스콘,
흑당참깨스콘,
허니참깨스콘,
레몬참깨스콘,
체리참깨스콘,
참깨스콘,
초코카레스콘,
민트초코카레스콘,
치즈카레스콘,
딸기카레스콘,
고구마카레스콘,
블루베리카레스콘,
크랜베리카레스콘,
땅콩버터카레스콘,
명란카레스콘,
허니버터카레스콘,
앙버터카레스콘,
그린티카레스콘,
밀크카레스콘,
소세지카레스콘,
멜론카레스콘,
바나나카레스콘,
얼그레이카레스콘,
누텔라카레스콘,
글루텐프리카레스콘,
샐러드카레스콘,
청포도카레스콘,
오렌지카레스콘,
흑당카레스콘,
허니카레스콘,
레몬카레스콘,
체리카레스콘,
카레스콘,
초코흑임자스콘,
민트초코흑임자스콘,
치즈흑임자스콘,
딸기흑임자스콘,
고구마흑임자스콘,
블루베리흑임자스콘,
크랜베리흑임자스콘,
땅콩버터흑임자스콘,
명란흑임자스콘,
허니버터흑임자스콘,
앙버터흑임자스콘,
그린티흑임자스콘,
밀크흑임자스콘,
소세지흑임자스콘,
멜론흑임자스콘,
바나나흑임자스콘,
얼그레이흑임자스콘,
누텔라흑임자스콘,
글루텐프리흑임자스콘,
샐러드흑임자스콘,
청포도흑임자스콘,
오렌지흑임자스콘,
흑당흑임자스콘,
허니흑임자스콘,
레몬흑임자스콘,
체리흑임자스콘,
흑임자스콘,
초코크림크루아상,
민트초코크림크루아상,
치즈크림크루아상,
딸기크림크루아상,
고구마크림크루아상,
블루베리크림크루아상,
크랜베리크림크루아상,
땅콩버터크림크루아상,
명란크림크루아상,
허니버터크림크루아상,
앙버터크림크루아상,
그린티크림크루아상,
밀크크림크루아상,
소세지크림크루아상,
멜론크림크루아상,
바나나크림크루아상,
얼그레이크림크루아상,
누텔라크림크루아상,
글루텐프리크림크루아상,
샐러드크림크루아상,
청포도크림크루아상,
오렌지크림크루아상,
흑당크림크루아상,
허니크림크루아상,
레몬크림크루아상,
체리크림크루아상,
크림크루아상,
초코팥크루아상,
민트초코팥크루아상,
치즈팥크루아상,
딸기팥크루아상,
고구마팥크루아상,
블루베리팥크루아상,
크랜베리팥크루아상,
땅콩버터팥크루아상,
명란팥크루아상,
허니버터팥크루아상,
앙버터팥크루아상,
그린티팥크루아상,
밀크팥크루아상,
소세지팥크루아상,
멜론팥크루아상,
바나나팥크루아상,
얼그레이팥크루아상,
누텔라팥크루아상,
글루텐프리팥크루아상,
샐러드팥크루아상,
청포도팥크루아상,
오렌지팥크루아상,
흑당팥크루아상,
허니팥크루아상,
레몬팥크루아상,
체리팥크루아상,
팥크루아상,
초코마늘크루아상,
민트초코마늘크루아상,
치즈마늘크루아상,
딸기마늘크루아상,
고구마마늘크루아상,
블루베리마늘크루아상,
크랜베리마늘크루아상,
땅콩버터마늘크루아상,
명란마늘크루아상,
허니버터마늘크루아상,
앙버터마늘크루아상,
그린티마늘크루아상,
밀크마늘크루아상,
소세지마늘크루아상,
멜론마늘크루아상,
바나나마늘크루아상,
얼그레이마늘크루아상,
누텔라마늘크루아상,
글루텐프리마늘크루아상,
샐러드마늘크루아상,
청포도마늘크루아상,
오렌지마늘크루아상,
흑당마늘크루아상,
허니마늘크루아상,
레몬마늘크루아상,
체리마늘크루아상,
마늘크루아상,
초코소보로크루아상,
민트초코소보로크루아상,
치즈소보로크루아상,
딸기소보로크루아상,
고구마소보로크루아상,
블루베리소보로크루아상,
크랜베리소보로크루아상,
땅콩버터소보로크루아상,
명란소보로크루아상,
허니버터소보로크루아상,
앙버터소보로크루아상,
그린티소보로크루아상,
밀크소보로크루아상,
소세지소보로크루아상,
멜론소보로크루아상,
바나나소보로크루아상,
얼그레이소보로크루아상,
누텔라소보로크루아상,
글루텐프리소보로크루아상,
샐러드소보로크루아상,
청포도소보로크루아상,
오렌지소보로크루아상,
흑당소보로크루아상,
허니소보로크루아상,
레몬소보로크루아상,
체리소보로크루아상,
소보로크루아상,
초코밤크루아상,
민트초코밤크루아상,
치즈밤크루아상,
딸기밤크루아상,
고구마밤크루아상,
블루베리밤크루아상,
크랜베리밤크루아상,
땅콩버터밤크루아상,
명란밤크루아상,
허니버터밤크루아상,
앙버터밤크루아상,
그린티밤크루아상,
밀크밤크루아상,
소세지밤크루아상,
멜론밤크루아상,
바나나밤크루아상,
얼그레이밤크루아상,
누텔라밤크루아상,
글루텐프리밤크루아상,
샐러드밤크루아상,
청포도밤크루아상,
오렌지밤크루아상,
흑당밤크루아상,
허니밤크루아상,
레몬밤크루아상,
체리밤크루아상,
밤크루아상,
초코호밀크루아상,
민트초코호밀크루아상,
치즈호밀크루아상,
딸기호밀크루아상,
고구마호밀크루아상,
블루베리호밀크루아상,
크랜베리호밀크루아상,
땅콩버터호밀크루아상,
명란호밀크루아상,
허니버터호밀크루아상,
앙버터호밀크루아상,
그린티호밀크루아상,
밀크호밀크루아상,
소세지호밀크루아상,
멜론호밀크루아상,
바나나호밀크루아상,
얼그레이호밀크루아상,
누텔라호밀크루아상,
글루텐프리호밀크루아상,
샐러드호밀크루아상,
청포도호밀크루아상,
오렌지호밀크루아상,
흑당호밀크루아상,
허니호밀크루아상,
레몬호밀크루아상,
체리호밀크루아상,
호밀크루아상,
초코마요크루아상,
민트초코마요크루아상,
치즈마요크루아상,
딸기마요크루아상,
고구마마요크루아상,
블루베리마요크루아상,
크랜베리마요크루아상,
땅콩버터마요크루아상,
명란마요크루아상,
허니버터마요크루아상,
앙버터마요크루아상,
그린티마요크루아상,
밀크마요크루아상,
소세지마요크루아상,
멜론마요크루아상,
바나나마요크루아상,
얼그레이마요크루아상,
누텔라마요크루아상,
글루텐프리마요크루아상,
샐러드마요크루아상,
청포도마요크루아상,
오렌지마요크루아상,
흑당마요크루아상,
허니마요크루아상,
레몬마요크루아상,
체리마요크루아상,
마요크루아상,
초코피자크루아상,
민트초코피자크루아상,
치즈피자크루아상,
딸기피자크루아상,
고구마피자크루아상,
블루베리피자크루아상,
크랜베리피자크루아상,
땅콩버터피자크루아상,
명란피자크루아상,
허니버터피자크루아상,
앙버터피자크루아상,
그린티피자크루아상,
밀크피자크루아상,
소세지피자크루아상,
멜론피자크루아상,
바나나피자크루아상,
얼그레이피자크루아상,
누텔라피자크루아상,
글루텐프리피자크루아상,
샐러드피자크루아상,
청포도피자크루아상,
오렌지피자크루아상,
흑당피자크루아상,
허니피자크루아상,
레몬피자크루아상,
체리피자크루아상,
피자크루아상,
초코시나몬크루아상,
민트초코시나몬크루아상,
치즈시나몬크루아상,
딸기시나몬크루아상,
고구마시나몬크루아상,
블루베리시나몬크루아상,
크랜베리시나몬크루아상,
땅콩버터시나몬크루아상,
명란시나몬크루아상,
허니버터시나몬크루아상,
앙버터시나몬크루아상,
그린티시나몬크루아상,
밀크시나몬크루아상,
소세지시나몬크루아상,
멜론시나몬크루아상,
바나나시나몬크루아상,
얼그레이시나몬크루아상,
누텔라시나몬크루아상,
글루텐프리시나몬크루아상,
샐러드시나몬크루아상,
청포도시나몬크루아상,
오렌지시나몬크루아상,
흑당시나몬크루아상,
허니시나몬크루아상,
레몬시나몬크루아상,
체리시나몬크루아상,
시나몬크루아상,
초코올리브크루아상,
민트초코올리브크루아상,
치즈올리브크루아상,
딸기올리브크루아상,
고구마올리브크루아상,
블루베리올리브크루아상,
크랜베리올리브크루아상,
땅콩버터올리브크루아상,
명란올리브크루아상,
허니버터올리브크루아상,
앙버터올리브크루아상,
그린티올리브크루아상,
밀크올리브크루아상,
소세지올리브크루아상,
멜론올리브크루아상,
바나나올리브크루아상,
얼그레이올리브크루아상,
누텔라올리브크루아상,
글루텐프리올리브크루아상,
샐러드올리브크루아상,
청포도올리브크루아상,
오렌지올리브크루아상,
흑당올리브크루아상,
허니올리브크루아상,
레몬올리브크루아상,
체리올리브크루아상,
올리브크루아상,
초코마라크루아상,
민트초코마라크루아상,
치즈마라크루아상,
딸기마라크루아상,
고구마마라크루아상,
블루베리마라크루아상,
크랜베리마라크루아상,
땅콩버터마라크루아상,
명란마라크루아상,
허니버터마라크루아상,
앙버터마라크루아상,
그린티마라크루아상,
밀크마라크루아상,
소세지마라크루아상,
멜론마라크루아상,
바나나마라크루아상,
얼그레이마라크루아상,
누텔라마라크루아상,
글루텐프리마라크루아상,
샐러드마라크루아상,
청포도마라크루아상,
오렌지마라크루아상,
흑당마라크루아상,
허니마라크루아상,
레몬마라크루아상,
체리마라크루아상,
마라크루아상,
초코모닝크루아상,
민트초코모닝크루아상,
치즈모닝크루아상,
딸기모닝크루아상,
고구마모닝크루아상,
블루베리모닝크루아상,
크랜베리모닝크루아상,
땅콩버터모닝크루아상,
명란모닝크루아상,
허니버터모닝크루아상,
앙버터모닝크루아상,
그린티모닝크루아상,
밀크모닝크루아상,
소세지모닝크루아상,
멜론모닝크루아상,
바나나모닝크루아상,
얼그레이모닝크루아상,
누텔라모닝크루아상,
글루텐프리모닝크루아상,
샐러드모닝크루아상,
청포도모닝크루아상,
오렌지모닝크루아상,
흑당모닝크루아상,
허니모닝크루아상,
레몬모닝크루아상,
체리모닝크루아상,
모닝크루아상,
초코참깨크루아상,
민트초코참깨크루아상,
치즈참깨크루아상,
딸기참깨크루아상,
고구마참깨크루아상,
블루베리참깨크루아상,
크랜베리참깨크루아상,
땅콩버터참깨크루아상,
명란참깨크루아상,
허니버터참깨크루아상,
앙버터참깨크루아상,
그린티참깨크루아상,
밀크참깨크루아상,
소세지참깨크루아상,
멜론참깨크루아상,
바나나참깨크루아상,
얼그레이참깨크루아상,
누텔라참깨크루아상,
글루텐프리참깨크루아상,
샐러드참깨크루아상,
청포도참깨크루아상,
오렌지참깨크루아상,
흑당참깨크루아상,
허니참깨크루아상,
레몬참깨크루아상,
체리참깨크루아상,
참깨크루아상,
초코카레크루아상,
민트초코카레크루아상,
치즈카레크루아상,
딸기카레크루아상,
고구마카레크루아상,
블루베리카레크루아상,
크랜베리카레크루아상,
땅콩버터카레크루아상,
명란카레크루아상,
허니버터카레크루아상,
앙버터카레크루아상,
그린티카레크루아상,
밀크카레크루아상,
소세지카레크루아상,
멜론카레크루아상,
바나나카레크루아상,
얼그레이카레크루아상,
누텔라카레크루아상,
글루텐프리카레크루아상,
샐러드카레크루아상,
청포도카레크루아상,
오렌지카레크루아상,
흑당카레크루아상,
허니카레크루아상,
레몬카레크루아상,
체리카레크루아상,
카레크루아상,
초코흑임자크루아상,
민트초코흑임자크루아상,
치즈흑임자크루아상,
딸기흑임자크루아상,
고구마흑임자크루아상,
블루베리흑임자크루아상,
크랜베리흑임자크루아상,
땅콩버터흑임자크루아상,
명란흑임자크루아상,
허니버터흑임자크루아상,
앙버터흑임자크루아상,
그린티흑임자크루아상,
밀크흑임자크루아상,
소세지흑임자크루아상,
멜론흑임자크루아상,
바나나흑임자크루아상,
얼그레이흑임자크루아상,
누텔라흑임자크루아상,
글루텐프리흑임자크루아상,
샐러드흑임자크루아상,
청포도흑임자크루아상,
오렌지흑임자크루아상,
흑당흑임자크루아상,
허니흑임자크루아상,
레몬흑임자크루아상,
체리흑임자크루아상,
흑임자크루아상,
초코크림고로케,
민트초코크림고로케,
치즈크림고로케,
딸기크림고로케,
고구마크림고로케,
블루베리크림고로케,
크랜베리크림고로케,
땅콩버터크림고로케,
명란크림고로케,
허니버터크림고로케,
앙버터크림고로케,
그린티크림고로케,
밀크크림고로케,
소세지크림고로케,
멜론크림고로케,
바나나크림고로케,
얼그레이크림고로케,
누텔라크림고로케,
글루텐프리크림고로케,
샐러드크림고로케,
청포도크림고로케,
오렌지크림고로케,
흑당크림고로케,
허니크림고로케,
레몬크림고로케,
체리크림고로케,
크림고로케,
초코팥고로케,
민트초코팥고로케,
치즈팥고로케,
딸기팥고로케,
고구마팥고로케,
블루베리팥고로케,
크랜베리팥고로케,
땅콩버터팥고로케,
명란팥고로케,
허니버터팥고로케,
앙버터팥고로케,
그린티팥고로케,
밀크팥고로케,
소세지팥고로케,
멜론팥고로케,
바나나팥고로케,
얼그레이팥고로케,
누텔라팥고로케,
글루텐프리팥고로케,
샐러드팥고로케,
청포도팥고로케,
오렌지팥고로케,
흑당팥고로케,
허니팥고로케,
레몬팥고로케,
체리팥고로케,
팥고로케,
초코마늘고로케,
민트초코마늘고로케,
치즈마늘고로케,
딸기마늘고로케,
고구마마늘고로케,
블루베리마늘고로케,
크랜베리마늘고로케,
땅콩버터마늘고로케,
명란마늘고로케,
허니버터마늘고로케,
앙버터마늘고로케,
그린티마늘고로케,
밀크마늘고로케,
소세지마늘고로케,
멜론마늘고로케,
바나나마늘고로케,
얼그레이마늘고로케,
누텔라마늘고로케,
글루텐프리마늘고로케,
샐러드마늘고로케,
청포도마늘고로케,
오렌지마늘고로케,
흑당마늘고로케,
허니마늘고로케,
레몬마늘고로케,
체리마늘고로케,
마늘고로케,
초코소보로고로케,
민트초코소보로고로케,
치즈소보로고로케,
딸기소보로고로케,
고구마소보로고로케,
블루베리소보로고로케,
크랜베리소보로고로케,
땅콩버터소보로고로케,
명란소보로고로케,
허니버터소보로고로케,
앙버터소보로고로케,
그린티소보로고로케,
밀크소보로고로케,
소세지소보로고로케,
멜론소보로고로케,
바나나소보로고로케,
얼그레이소보로고로케,
누텔라소보로고로케,
글루텐프리소보로고로케,
샐러드소보로고로케,
청포도소보로고로케,
오렌지소보로고로케,
흑당소보로고로케,
허니소보로고로케,
레몬소보로고로케,
체리소보로고로케,
소보로고로케,
초코밤고로케,
민트초코밤고로케,
치즈밤고로케,
딸기밤고로케,
고구마밤고로케,
블루베리밤고로케,
크랜베리밤고로케,
땅콩버터밤고로케,
명란밤고로케,
허니버터밤고로케,
앙버터밤고로케,
그린티밤고로케,
밀크밤고로케,
소세지밤고로케,
멜론밤고로케,
바나나밤고로케,
얼그레이밤고로케,
누텔라밤고로케,
글루텐프리밤고로케,
샐러드밤고로케,
청포도밤고로케,
오렌지밤고로케,
흑당밤고로케,
허니밤고로케,
레몬밤고로케,
체리밤고로케,
밤고로케,
초코호밀고로케,
민트초코호밀고로케,
치즈호밀고로케,
딸기호밀고로케,
고구마호밀고로케,
블루베리호밀고로케,
크랜베리호밀고로케,
땅콩버터호밀고로케,
명란호밀고로케,
허니버터호밀고로케,
앙버터호밀고로케,
그린티호밀고로케,
밀크호밀고로케,
소세지호밀고로케,
멜론호밀고로케,
바나나호밀고로케,
얼그레이호밀고로케,
누텔라호밀고로케,
글루텐프리호밀고로케,
샐러드호밀고로케,
청포도호밀고로케,
오렌지호밀고로케,
흑당호밀고로케,
허니호밀고로케,
레몬호밀고로케,
체리호밀고로케,
호밀고로케,
초코마요고로케,
민트초코마요고로케,
치즈마요고로케,
딸기마요고로케,
고구마마요고로케,
블루베리마요고로케,
크랜베리마요고로케,
땅콩버터마요고로케,
명란마요고로케,
허니버터마요고로케,
앙버터마요고로케,
그린티마요고로케,
밀크마요고로케,
소세지마요고로케,
멜론마요고로케,
바나나마요고로케,
얼그레이마요고로케,
누텔라마요고로케,
글루텐프리마요고로케,
샐러드마요고로케,
청포도마요고로케,
오렌지마요고로케,
흑당마요고로케,
허니마요고로케,
레몬마요고로케,
체리마요고로케,
마요고로케,
초코피자고로케,
민트초코피자고로케,
치즈피자고로케,
딸기피자고로케,
고구마피자고로케,
블루베리피자고로케,
크랜베리피자고로케,
땅콩버터피자고로케,
명란피자고로케,
허니버터피자고로케,
앙버터피자고로케,
그린티피자고로케,
밀크피자고로케,
소세지피자고로케,
멜론피자고로케,
바나나피자고로케,
얼그레이피자고로케,
누텔라피자고로케,
글루텐프리피자고로케,
샐러드피자고로케,
청포도피자고로케,
오렌지피자고로케,
흑당피자고로케,
허니피자고로케,
레몬피자고로케,
체리피자고로케,
피자고로케,
초코시나몬고로케,
민트초코시나몬고로케,
치즈시나몬고로케,
딸기시나몬고로케,
고구마시나몬고로케,
블루베리시나몬고로케,
크랜베리시나몬고로케,
땅콩버터시나몬고로케,
명란시나몬고로케,
허니버터시나몬고로케,
앙버터시나몬고로케,
그린티시나몬고로케,
밀크시나몬고로케,
소세지시나몬고로케,
멜론시나몬고로케,
바나나시나몬고로케,
얼그레이시나몬고로케,
누텔라시나몬고로케,
글루텐프리시나몬고로케,
샐러드시나몬고로케,
청포도시나몬고로케,
오렌지시나몬고로케,
흑당시나몬고로케,
허니시나몬고로케,
레몬시나몬고로케,
체리시나몬고로케,
시나몬고로케,
초코올리브고로케,
민트초코올리브고로케,
치즈올리브고로케,
딸기올리브고로케,
고구마올리브고로케,
블루베리올리브고로케,
크랜베리올리브고로케,
땅콩버터올리브고로케,
명란올리브고로케,
허니버터올리브고로케,
앙버터올리브고로케,
그린티올리브고로케,
밀크올리브고로케,
소세지올리브고로케,
멜론올리브고로케,
바나나올리브고로케,
얼그레이올리브고로케,
누텔라올리브고로케,
글루텐프리올리브고로케,
샐러드올리브고로케,
청포도올리브고로케,
오렌지올리브고로케,
흑당올리브고로케,
허니올리브고로케,
레몬올리브고로케,
체리올리브고로케,
올리브고로케,
초코마라고로케,
민트초코마라고로케,
치즈마라고로케,
딸기마라고로케,
고구마마라고로케,
블루베리마라고로케,
크랜베리마라고로케,
땅콩버터마라고로케,
명란마라고로케,
허니버터마라고로케,
앙버터마라고로케,
그린티마라고로케,
밀크마라고로케,
소세지마라고로케,
멜론마라고로케,
바나나마라고로케,
얼그레이마라고로케,
누텔라마라고로케,
글루텐프리마라고로케,
샐러드마라고로케,
청포도마라고로케,
오렌지마라고로케,
흑당마라고로케,
허니마라고로케,
레몬마라고로케,
체리마라고로케,
마라고로케,
초코모닝고로케,
민트초코모닝고로케,
치즈모닝고로케,
딸기모닝고로케,
고구마모닝고로케,
블루베리모닝고로케,
크랜베리모닝고로케,
땅콩버터모닝고로케,
명란모닝고로케,
허니버터모닝고로케,
앙버터모닝고로케,
그린티모닝고로케,
밀크모닝고로케,
소세지모닝고로케,
멜론모닝고로케,
바나나모닝고로케,
얼그레이모닝고로케,
누텔라모닝고로케,
글루텐프리모닝고로케,
샐러드모닝고로케,
청포도모닝고로케,
오렌지모닝고로케,
흑당모닝고로케,
허니모닝고로케,
레몬모닝고로케,
체리모닝고로케,
모닝고로케,
초코참깨고로케,
민트초코참깨고로케,
치즈참깨고로케,
딸기참깨고로케,
고구마참깨고로케,
블루베리참깨고로케,
크랜베리참깨고로케,
땅콩버터참깨고로케,
명란참깨고로케,
허니버터참깨고로케,
앙버터참깨고로케,
그린티참깨고로케,
밀크참깨고로케,
소세지참깨고로케,
멜론참깨고로케,
바나나참깨고로케,
얼그레이참깨고로케,
누텔라참깨고로케,
글루텐프리참깨고로케,
샐러드참깨고로케,
청포도참깨고로케,
오렌지참깨고로케,
흑당참깨고로케,
허니참깨고로케,
레몬참깨고로케,
체리참깨고로케,
참깨고로케,
초코카레고로케,
민트초코카레고로케,
치즈카레고로케,
딸기카레고로케,
고구마카레고로케,
블루베리카레고로케,
크랜베리카레고로케,
땅콩버터카레고로케,
명란카레고로케,
허니버터카레고로케,
앙버터카레고로케,
그린티카레고로케,
밀크카레고로케,
소세지카레고로케,
멜론카레고로케,
바나나카레고로케,
얼그레이카레고로케,
누텔라카레고로케,
글루텐프리카레고로케,
샐러드카레고로케,
청포도카레고로케,
오렌지카레고로케,
흑당카레고로케,
허니카레고로케,
레몬카레고로케,
체리카레고로케,
카레고로케,
초코흑임자고로케,
민트초코흑임자고로케,
치즈흑임자고로케,
딸기흑임자고로케,
고구마흑임자고로케,
블루베리흑임자고로케,
크랜베리흑임자고로케,
땅콩버터흑임자고로케,
명란흑임자고로케,
허니버터흑임자고로케,
앙버터흑임자고로케,
그린티흑임자고로케,
밀크흑임자고로케,
소세지흑임자고로케,
멜론흑임자고로케,
바나나흑임자고로케,
얼그레이흑임자고로케,
누텔라흑임자고로케,
글루텐프리흑임자고로케,
샐러드흑임자고로케,
청포도흑임자고로케,
오렌지흑임자고로케,
흑당흑임자고로케,
허니흑임자고로케,
레몬흑임자고로케,
체리흑임자고로케,
흑임자고로케,
초코크림모카빵,
민트초코크림모카빵,
치즈크림모카빵,
딸기크림모카빵,
고구마크림모카빵,
블루베리크림모카빵,
크랜베리크림모카빵,
땅콩버터크림모카빵,
명란크림모카빵,
허니버터크림모카빵,
앙버터크림모카빵,
그린티크림모카빵,
밀크크림모카빵,
소세지크림모카빵,
멜론크림모카빵,
바나나크림모카빵,
얼그레이크림모카빵,
누텔라크림모카빵,
글루텐프리크림모카빵,
샐러드크림모카빵,
청포도크림모카빵,
오렌지크림모카빵,
흑당크림모카빵,
허니크림모카빵,
레몬크림모카빵,
체리크림모카빵,
크림모카빵,
초코팥모카빵,
민트초코팥모카빵,
치즈팥모카빵,
딸기팥모카빵,
고구마팥모카빵,
블루베리팥모카빵,
크랜베리팥모카빵,
땅콩버터팥모카빵,
명란팥모카빵,
허니버터팥모카빵,
앙버터팥모카빵,
그린티팥모카빵,
밀크팥모카빵,
소세지팥모카빵,
멜론팥모카빵,
바나나팥모카빵,
얼그레이팥모카빵,
누텔라팥모카빵,
글루텐프리팥모카빵,
샐러드팥모카빵,
청포도팥모카빵,
오렌지팥모카빵,
흑당팥모카빵,
허니팥모카빵,
레몬팥모카빵,
체리팥모카빵,
팥모카빵,
초코마늘모카빵,
민트초코마늘모카빵,
치즈마늘모카빵,
딸기마늘모카빵,
고구마마늘모카빵,
블루베리마늘모카빵,
크랜베리마늘모카빵,
땅콩버터마늘모카빵,
명란마늘모카빵,
허니버터마늘모카빵,
앙버터마늘모카빵,
그린티마늘모카빵,
밀크마늘모카빵,
소세지마늘모카빵,
멜론마늘모카빵,
바나나마늘모카빵,
얼그레이마늘모카빵,
누텔라마늘모카빵,
글루텐프리마늘모카빵,
샐러드마늘모카빵,
청포도마늘모카빵,
오렌지마늘모카빵,
흑당마늘모카빵,
허니마늘모카빵,
레몬마늘모카빵,
체리마늘모카빵,
마늘모카빵,
초코소보로모카빵,
민트초코소보로모카빵,
치즈소보로모카빵,
딸기소보로모카빵,
고구마소보로모카빵,
블루베리소보로모카빵,
크랜베리소보로모카빵,
땅콩버터소보로모카빵,
명란소보로모카빵,
허니버터소보로모카빵,
앙버터소보로모카빵,
그린티소보로모카빵,
밀크소보로모카빵,
소세지소보로모카빵,
멜론소보로모카빵,
바나나소보로모카빵,
얼그레이소보로모카빵,
누텔라소보로모카빵,
글루텐프리소보로모카빵,
샐러드소보로모카빵,
청포도소보로모카빵,
오렌지소보로모카빵,
흑당소보로모카빵,
허니소보로모카빵,
레몬소보로모카빵,
체리소보로모카빵,
소보로모카빵,
초코밤모카빵,
민트초코밤모카빵,
치즈밤모카빵,
딸기밤모카빵,
고구마밤모카빵,
블루베리밤모카빵,
크랜베리밤모카빵,
땅콩버터밤모카빵,
명란밤모카빵,
허니버터밤모카빵,
앙버터밤모카빵,
그린티밤모카빵,
밀크밤모카빵,
소세지밤모카빵,
멜론밤모카빵,
바나나밤모카빵,
얼그레이밤모카빵,
누텔라밤모카빵,
글루텐프리밤모카빵,
샐러드밤모카빵,
청포도밤모카빵,
오렌지밤모카빵,
흑당밤모카빵,
허니밤모카빵,
레몬밤모카빵,
체리밤모카빵,
밤모카빵,
초코호밀모카빵,
민트초코호밀모카빵,
치즈호밀모카빵,
딸기호밀모카빵,
고구마호밀모카빵,
블루베리호밀모카빵,
크랜베리호밀모카빵,
땅콩버터호밀모카빵,
명란호밀모카빵,
허니버터호밀모카빵,
앙버터호밀모카빵,
그린티호밀모카빵,
밀크호밀모카빵,
소세지호밀모카빵,
멜론호밀모카빵,
바나나호밀모카빵,
얼그레이호밀모카빵,
누텔라호밀모카빵,
글루텐프리호밀모카빵,
샐러드호밀모카빵,
청포도호밀모카빵,
오렌지호밀모카빵,
흑당호밀모카빵,
허니호밀모카빵,
레몬호밀모카빵,
체리호밀모카빵,
호밀모카빵,
초코마요모카빵,
민트초코마요모카빵,
치즈마요모카빵,
딸기마요모카빵,
고구마마요모카빵,
블루베리마요모카빵,
크랜베리마요모카빵,
땅콩버터마요모카빵,
명란마요모카빵,
허니버터마요모카빵,
앙버터마요모카빵,
그린티마요모카빵,
밀크마요모카빵,
소세지마요모카빵,
멜론마요모카빵,
바나나마요모카빵,
얼그레이마요모카빵,
누텔라마요모카빵,
글루텐프리마요모카빵,
샐러드마요모카빵,
청포도마요모카빵,
오렌지마요모카빵,
흑당마요모카빵,
허니마요모카빵,
레몬마요모카빵,
체리마요모카빵,
마요모카빵,
초코피자모카빵,
민트초코피자모카빵,
치즈피자모카빵,
딸기피자모카빵,
고구마피자모카빵,
블루베리피자모카빵,
크랜베리피자모카빵,
땅콩버터피자모카빵,
명란피자모카빵,
허니버터피자모카빵,
앙버터피자모카빵,
그린티피자모카빵,
밀크피자모카빵,
소세지피자모카빵,
멜론피자모카빵,
바나나피자모카빵,
얼그레이피자모카빵,
누텔라피자모카빵,
글루텐프리피자모카빵,
샐러드피자모카빵,
청포도피자모카빵,
오렌지피자모카빵,
흑당피자모카빵,
허니피자모카빵,
레몬피자모카빵,
체리피자모카빵,
피자모카빵,
초코시나몬모카빵,
민트초코시나몬모카빵,
치즈시나몬모카빵,
딸기시나몬모카빵,
고구마시나몬모카빵,
블루베리시나몬모카빵,
크랜베리시나몬모카빵,
땅콩버터시나몬모카빵,
명란시나몬모카빵,
허니버터시나몬모카빵,
앙버터시나몬모카빵,
그린티시나몬모카빵,
밀크시나몬모카빵,
소세지시나몬모카빵,
멜론시나몬모카빵,
바나나시나몬모카빵,
얼그레이시나몬모카빵,
누텔라시나몬모카빵,
글루텐프리시나몬모카빵,
샐러드시나몬모카빵,
청포도시나몬모카빵,
오렌지시나몬모카빵,
흑당시나몬모카빵,
허니시나몬모카빵,
레몬시나몬모카빵,
체리시나몬모카빵,
시나몬모카빵,
초코올리브모카빵,
민트초코올리브모카빵,
치즈올리브모카빵,
딸기올리브모카빵,
고구마올리브모카빵,
블루베리올리브모카빵,
크랜베리올리브모카빵,
땅콩버터올리브모카빵,
명란올리브모카빵,
허니버터올리브모카빵,
앙버터올리브모카빵,
그린티올리브모카빵,
밀크올리브모카빵,
소세지올리브모카빵,
멜론올리브모카빵,
바나나올리브모카빵,
얼그레이올리브모카빵,
누텔라올리브모카빵,
글루텐프리올리브모카빵,
샐러드올리브모카빵,
청포도올리브모카빵,
오렌지올리브모카빵,
흑당올리브모카빵,
허니올리브모카빵,
레몬올리브모카빵,
체리올리브모카빵,
올리브모카빵,
초코마라모카빵,
민트초코마라모카빵,
치즈마라모카빵,
딸기마라모카빵,
고구마마라모카빵,
블루베리마라모카빵,
크랜베리마라모카빵,
땅콩버터마라모카빵,
명란마라모카빵,
허니버터마라모카빵,
앙버터마라모카빵,
그린티마라모카빵,
밀크마라모카빵,
소세지마라모카빵,
멜론마라모카빵,
바나나마라모카빵,
얼그레이마라모카빵,
누텔라마라모카빵,
글루텐프리마라모카빵,
샐러드마라모카빵,
청포도마라모카빵,
오렌지마라모카빵,
흑당마라모카빵,
허니마라모카빵,
레몬마라모카빵,
체리마라모카빵,
마라모카빵,
초코모닝모카빵,
민트초코모닝모카빵,
치즈모닝모카빵,
딸기모닝모카빵,
고구마모닝모카빵,
블루베리모닝모카빵,
크랜베리모닝모카빵,
땅콩버터모닝모카빵,
명란모닝모카빵,
허니버터모닝모카빵,
앙버터모닝모카빵,
그린티모닝모카빵,
밀크모닝모카빵,
소세지모닝모카빵,
멜론모닝모카빵,
바나나모닝모카빵,
얼그레이모닝모카빵,
누텔라모닝모카빵,
글루텐프리모닝모카빵,
샐러드모닝모카빵,
청포도모닝모카빵,
오렌지모닝모카빵,
흑당모닝모카빵,
허니모닝모카빵,
레몬모닝모카빵,
체리모닝모카빵,
모닝모카빵,
초코참깨모카빵,
민트초코참깨모카빵,
치즈참깨모카빵,
딸기참깨모카빵,
고구마참깨모카빵,
블루베리참깨모카빵,
크랜베리참깨모카빵,
땅콩버터참깨모카빵,
명란참깨모카빵,
허니버터참깨모카빵,
앙버터참깨모카빵,
그린티참깨모카빵,
밀크참깨모카빵,
소세지참깨모카빵,
멜론참깨모카빵,
바나나참깨모카빵,
얼그레이참깨모카빵,
누텔라참깨모카빵,
글루텐프리참깨모카빵,
샐러드참깨모카빵,
청포도참깨모카빵,
오렌지참깨모카빵,
흑당참깨모카빵,
허니참깨모카빵,
레몬참깨모카빵,
체리참깨모카빵,
참깨모카빵,
초코카레모카빵,
민트초코카레모카빵,
치즈카레모카빵,
딸기카레모카빵,
고구마카레모카빵,
블루베리카레모카빵,
크랜베리카레모카빵,
땅콩버터카레모카빵,
명란카레모카빵,
허니버터카레모카빵,
앙버터카레모카빵,
그린티카레모카빵,
밀크카레모카빵,
소세지카레모카빵,
멜론카레모카빵,
바나나카레모카빵,
얼그레이카레모카빵,
누텔라카레모카빵,
글루텐프리카레모카빵,
샐러드카레모카빵,
청포도카레모카빵,
오렌지카레모카빵,
흑당카레모카빵,
허니카레모카빵,
레몬카레모카빵,
체리카레모카빵,
카레모카빵,
초코흑임자모카빵,
민트초코흑임자모카빵,
치즈흑임자모카빵,
딸기흑임자모카빵,
고구마흑임자모카빵,
블루베리흑임자모카빵,
크랜베리흑임자모카빵,
땅콩버터흑임자모카빵,
명란흑임자모카빵,
허니버터흑임자모카빵,
앙버터흑임자모카빵,
그린티흑임자모카빵,
밀크흑임자모카빵,
소세지흑임자모카빵,
멜론흑임자모카빵,
바나나흑임자모카빵,
얼그레이흑임자모카빵,
누텔라흑임자모카빵,
글루텐프리흑임자모카빵,
샐러드흑임자모카빵,
청포도흑임자모카빵,
오렌지흑임자모카빵,
흑당흑임자모카빵,
허니흑임자모카빵,
레몬흑임자모카빵,
체리흑임자모카빵,
흑임자모카빵,
